,Date,Pond_ID,Pond_Type,Target_Species,Season,Water_Temp_C,Weather_Condition,Rainfall_mm,pH_Level,Ammonia_ppm,Dissolved_Oxygen_mgL,Mortality_Count,Fish_Count,Daily_Feed_kg,Est_Avg_Weight_g,Feed_Cost_NPR,Labor_Cost_NPR,Market_Price_NPR,Estimated_Revenue_NPR,Daily_Profit_Loss_NPR,Stocking_Density,Harvest_Ready,Day_of_week,Month,Month_Name,Week,Is_Monsoon,Low_Oxygen,High_Ammonia,High_Temp,Mortality_Rate,Weight_Gain_g,Feed_Efficiency,Total_Cost_NPR,Profit_Margin_Pct,Oxygen_3day_avg,Risk_Score,Risk_Level
0,2025-01-01,GrowOut-A,Farming,Pangasius,Winter,17.0,Cloudy,0.0,7.9,0.05,8.5,0.0,10000,4.4,50.3,442,523,213,107139,0,Medium,No,Wednesday,1,Jan,1,0,0,1,0,0.0,0.0,0.0,965,0.0,8.5,1,Medium
1,2025-01-02,GrowOut-A,Farming,Pangasius,Winter,15.7,Sunny,0.0,6.6,0.02,8.9,1.0,9999,4.2,50.5,443,512,219,110584,-528,Medium,No,Thursday,1,Jan,1,0,0,1,0,0.10001000100010002,0.20000000000000284,0.047619047619048296,955,-0.47746509440787094,8.7,1,Medium
2,2025-01-03,GrowOut-A,Farming,Pangasius,Winter,15.5,Sunny,0.0,7.4,0.03,8.3,3.0,9996,5.0,50.9,513,491,214,108882,-181,Medium,No,Friday,1,Jan,1,0,0,1,0,0.30012004801920766,0.3999999999999986,0.07999999999999971,1004,-0.1662350067045058,8.566666666666668,1,Medium
3,2025-01-04,GrowOut-A,Farming,Pangasius,Winter,15.5,Cloudy,0.0,6.7,0.05,8.1,1.0,9995,5.3,51.2,560,476,230,117701,-358,Medium,No,Saturday,1,Jan,1,0,0,1,0,0.10005002501250626,0.30000000000000426,0.05660377358490647,1036,-0.30416054239131357,8.433333333333334,1,Medium
4,2025-01-05,GrowOut-A,Farming,Pangasius,Winter,19.2,Sunny,0.0,7.1,0.0,8.0,1.0,9994,4.8,51.5,508,498,221,113747,-355,Medium,No,Sunday,1,Jan,1,0,0,1,0,0.10006003602161297,0.29999999999999716,0.06249999999999941,1006,-0.31209614319498535,8.133333333333333,1,Medium
5,2025-01-06,GrowOut-A,Farming,Pangasius,Winter,17.5,Rainy,3.6,7.5,0.0,7.2,1.0,9993,5.3,51.9,556,498,222,115137,-178,Medium,No,Monday,1,Jan,2,0,0,1,0,0.10007004903432402,0.3999999999999986,0.07547169811320728,1054,-0.15459843490797917,7.766666666666667,1,Medium
6,2025-01-07,GrowOut-A,Farming,Pangasius,Winter,14.8,Sunny,0.0,7.2,0.02,7.9,0.0,9993,6.0,52.2,640,485,220,114760,-465,Medium,No,Tuesday,1,Jan,2,0,0,1,0,0.0,0.30000000000000426,0.05000000000000071,1125,-0.40519344719414424,7.7,1,Medium
7,2025-01-08,GrowOut-A,Farming,Pangasius,Winter,14.9,Sunny,0.0,6.9,0.03,9.0,0.0,9993,5.5,52.5,564,508,222,116468,-406,Medium,No,Wednesday,1,Jan,2,0,0,1,0,0.0,0.29999999999999716,0.05454545454545403,1072,-0.3485936051104166,8.033333333333333,1,Medium
8,2025-01-09,GrowOut-A,Farming,Pangasius,Winter,10.8,Sunny,0.0,7.0,0.05,9.0,2.0,9991,6.0,52.9,643,528,237,125260,-249,Medium,No,Thursday,1,Jan,2,0,0,1,0,0.20018016214593135,0.3999999999999986,0.06666666666666643,1171,-0.19878652403001756,8.633333333333335,1,Medium
9,2025-01-10,GrowOut-A,Farming,Pangasius,Winter,17.9,Sunny,0.0,7.4,0.08,7.8,2.0,9989,6.0,53.3,622,503,219,116599,-273,Medium,No,Friday,1,Jan,2,0,0,1,0,0.20022024226649313,0.3999999999999986,0.06666666666666643,1125,-0.23413579876328272,8.6,1,Medium
10,2025-01-11,GrowOut-A,Farming,Pangasius,Winter,15.1,Sunny,0.0,7.0,0.07,8.7,0.0,9989,5.7,53.6,581,502,217,116184,-433,Medium,No,Saturday,1,Jan,2,0,0,1,0,0.0,0.30000000000000426,0.05263157894736917,1083,-0.3726847070164567,8.5,1,Medium
11,2025-01-12,GrowOut-A,Farming,Pangasius,Winter,14.5,Sunny,0.0,7.3,0.04,8.8,0.0,9989,5.9,54.1,616,486,225,121591,22,Medium,No,Sunday,1,Jan,2,0,0,1,0,0.0,0.5,0.0847457627118644,1102,0.018093444416116326,8.433333333333334,1,Medium
12,2025-01-13,GrowOut-A,Farming,Pangasius,Winter,14.7,Sunny,0.0,7.2,0.04,9.0,2.0,9987,6.2,54.5,625,521,204,111035,-353,Medium,No,Monday,1,Jan,3,0,0,1,0,0.20026033843997196,0.3999999999999986,0.06451612903225783,1146,-0.3179177736749673,8.833333333333334,1,Medium
13,2025-01-14,GrowOut-A,Farming,Pangasius,Winter,17.2,Sunny,0.0,7.0,0.01,8.9,2.0,9985,4.4,54.7,464,499,221,120706,-546,Medium,No,Tuesday,1,Jan,3,0,0,1,0,0.200300450676014,0.20000000000000284,0.045454545454546094,963,-0.45233874041058436,8.9,1,Medium
14,2025-01-15,GrowOut-A,Farming,Pangasius,Winter,16.2,Sunny,0.0,7.8,0.04,8.3,1.0,9984,4.7,55.1,491,491,219,120476,-119,Medium,No,Wednesday,1,Jan,3,0,0,1,0,0.1001602564102564,0.3999999999999986,0.0851063829787231,982,-0.09877485972309838,8.733333333333334,1,Medium
15,2025-01-16,GrowOut-A,Farming,Pangasius,Winter,15.0,Sunny,0.0,7.4,0.03,8.1,1.0,9983,6.0,55.5,645,501,214,118568,-303,Medium,No,Thursday,1,Jan,3,0,0,1,0,0.10017028949213663,0.3999999999999986,0.06666666666666643,1146,-0.2555495580595102,8.433333333333334,1,Medium
16,2025-01-17,GrowOut-A,Farming,Pangasius,Winter,14.8,Sunny,0.0,6.6,0.05,7.7,3.0,9980,6.2,55.9,659,507,224,124966,-309,Medium,No,Friday,1,Jan,3,0,0,1,0,0.3006012024048096,0.3999999999999986,0.06451612903225783,1166,-0.24726725669382074,8.033333333333333,1,Medium
17,2025-01-18,GrowOut-A,Farming,Pangasius,Winter,17.9,Sunny,0.0,7.3,0.02,8.3,2.0,9978,5.6,56.4,572,502,221,124370,4,Medium,No,Saturday,1,Jan,3,0,0,1,0,0.20044097013429546,0.5,0.08928571428571429,1074,0.003216209696872236,8.033333333333333,1,Medium
18,2025-01-19,GrowOut-A,Farming,Pangasius,Winter,14.0,Sunny,0.0,7.0,0.06,8.2,1.0,9977,5.1,56.7,527,518,209,118230,-431,Medium,No,Sunday,1,Jan,3,0,0,1,0,0.10023053021950487,0.30000000000000426,0.058823529411765545,1045,-0.36454368603569315,8.066666666666665,1,Medium
19,2025-01-20,GrowOut-A,Farming,Pangasius,Winter,15.7,Sunny,0.0,7.5,0.09,7.5,1.0,9976,6.7,57.1,710,506,217,123610,-362,Medium,No,Monday,1,Jan,4,0,0,1,0,0.10024057738572574,0.3999999999999986,0.05970149253731322,1216,-0.29285656500283147,8.0,1,Medium
20,2025-01-21,GrowOut-A,Farming,Pangasius,Winter,15.5,Sunny,0.0,7.0,0.04,8.2,3.0,9973,5.1,57.4,544,496,202,115635,-470,Medium,No,Tuesday,1,Jan,4,0,0,1,0,0.30081219292088635,0.29999999999999716,0.05882352941176415,1040,-0.4064513339386864,7.966666666666666,1,Medium
21,2025-01-22,GrowOut-A,Farming,Pangasius,Winter,16.8,Sunny,0.0,7.2,0.05,7.7,2.0,9971,5.8,57.8,623,506,223,128520,-265,Medium,No,Wednesday,1,Jan,4,0,0,1,0,0.20058168689198674,0.3999999999999986,0.06896551724137907,1129,-0.20619358854652975,7.8,1,Medium
22,2025-01-23,GrowOut-A,Farming,Pangasius,Winter,21.6,Sunny,0.0,7.4,0.06,8.3,3.0,9968,9.7,58.4,1042,507,223,129815,-254,Medium,No,Thursday,1,Jan,4,0,0,1,0,0.30096308186195825,0.6000000000000014,0.06185567010309293,1549,-0.19566305896853214,8.066666666666666,1,Medium
23,2025-01-24,GrowOut-A,Farming,Pangasius,Winter,18.4,Rainy,3.0,7.5,0.03,8.5,1.0,9967,5.9,58.7,618,481,216,126374,-466,Medium,No,Friday,1,Jan,4,0,0,1,0,0.10033109260559848,0.30000000000000426,0.05084745762711936,1099,-0.36874673587921564,8.166666666666666,1,Medium
24,2025-01-25,GrowOut-A,Farming,Pangasius,Winter,17.5,Sunny,0.0,6.8,0.05,8.1,0.0,9967,5.5,59.1,581,517,225,132536,-201,Medium,No,Saturday,1,Jan,4,0,0,1,0,0.0,0.3999999999999986,0.07272727272727247,1098,-0.15165690831170398,8.299999999999999,1,Medium
25,2025-01-26,GrowOut-A,Farming,Pangasius,Winter,16.3,Sunny,0.0,7.1,0.04,9.0,1.0,9966,6.9,59.6,742,495,212,125922,-193,Medium,No,Sunday,1,Jan,4,0,0,1,0,0.10034115994380895,0.5,0.07246376811594203,1237,-0.1532694842839218,8.533333333333333,1,Medium
26,2025-01-27,GrowOut-A,Farming,Pangasius,Winter,15.8,Sunny,0.0,7.1,0.04,8.5,0.0,9966,7.0,60.0,731,496,215,128561,-370,Medium,No,Monday,1,Jan,5,0,0,1,0,0.0,0.3999999999999986,0.05714285714285694,1227,-0.28780112164653354,8.533333333333333,1,Medium
27,2025-01-28,GrowOut-A,Farming,Pangasius,Winter,15.4,Sunny,0.0,7.0,0.02,8.2,1.0,9965,4.9,60.4,518,511,224,134822,-150,Medium,No,Tuesday,1,Jan,5,0,0,1,0,0.10035122930255896,0.3999999999999986,0.08163265306122419,1029,-0.11125780658942902,8.566666666666665,1,Medium
28,2025-01-29,GrowOut-A,Farming,Pangasius,Winter,15.1,Sunny,0.0,7.7,0.04,9.0,1.0,9964,6.5,60.9,678,511,216,131070,-126,Medium,No,Wednesday,1,Jan,5,0,0,1,0,0.10036130068245686,0.5,0.07692307692307693,1189,-0.09613183794918746,8.566666666666665,1,Medium
29,2025-01-30,GrowOut-A,Farming,Pangasius,Winter,18.1,Sunny,0.0,7.3,0.05,8.3,0.0,9964,6.3,61.4,655,489,221,135206,-43,Medium,No,Thursday,1,Jan,5,0,0,1,0,0.0,0.5,0.07936507936507936,1144,-0.03180332233776608,8.5,1,Medium
30,2025-01-31,GrowOut-A,Farming,Pangasius,Winter,16.6,Sunny,0.0,6.8,0.08,7.6,1.0,9963,6.4,61.9,673,512,217,133826,-117,Medium,No,Friday,1,Jan,5,0,0,1,0,0.10037137408411122,0.5,0.078125,1185,-0.08742695739243496,8.3,1,Medium
31,2025-02-01,GrowOut-A,Farming,Pangasius,Winter,15.2,Rainy,3.0,7.5,0.07,8.3,0.0,9963,7.1,62.3,736,492,218,135311,-359,Medium,No,Saturday,2,Feb,5,0,0,1,0,0.0,0.3999999999999986,0.056338028169013885,1228,-0.2653147194241414,8.066666666666668,1,Medium
32,2025-02-02,GrowOut-A,Farming,Pangasius,Winter,17.2,Cloudy,0.0,7.8,0.1,7.5,1.0,9962,7.4,62.7,775,527,219,136791,-443,Medium,No,Sunday,2,Feb,5,0,0,1,0,0.1003814495081309,0.4000000000000057,0.05405405405405482,1302,-0.3238517153906324,7.8,1,Medium
33,2025-02-03,GrowOut-A,Farming,Pangasius,Winter,17.8,Cloudy,0.0,7.5,0.02,7.5,0.0,9962,5.3,63.1,546,488,216,135778,-173,Medium,No,Monday,2,Feb,6,0,0,1,0,0.0,0.3999999999999986,0.07547169811320728,1034,-0.12741386675308225,7.766666666666667,1,Medium
34,2025-02-04,GrowOut-A,Farming,Pangasius,Winter,15.6,Sunny,0.0,6.7,0.07,8.8,1.0,9961,5.1,63.5,534,504,223,141053,-164,Medium,No,Tuesday,2,Feb,6,0,0,1,0,0.10039152695512499,0.3999999999999986,0.07843137254901933,1038,-0.11626835303042118,7.933333333333334,1,Medium
35,2025-02-05,GrowOut-A,Farming,Pangasius,Winter,14.8,Cloudy,0.0,7.1,0.05,9.0,1.0,9960,5.9,63.9,625,488,217,138108,-262,Medium,No,Wednesday,2,Feb,6,0,0,1,0,0.10040160642570281,0.3999999999999986,0.06779661016949128,1113,-0.18970660642395806,8.433333333333334,1,Medium
36,2025-02-06,GrowOut-A,Farming,Pangasius,Winter,13.0,Sunny,0.0,7.6,0.11,7.8,4.375,9953,7.0,64.3,727,533,221,141435,-479,Medium,No,Thursday,2,Feb,6,0,0,1,0,0.43956596001205667,0.3999999999999986,0.05714285714285694,1260,-0.3386714745289356,8.533333333333333,1,Medium
37,2025-02-07,GrowOut-A,Farming,Pangasius,Winter,18.2,Sunny,0.0,7.0,0.02,8.5,0.0,9953,6.3,64.8,662,481,216,139310,-68,Medium,No,Friday,2,Feb,6,0,0,1,0,0.0,0.5,0.07936507936507936,1143,-0.048812002009905965,8.433333333333334,1,Medium
38,2025-02-08,GrowOut-A,Farming,Pangasius,Winter,18.4,Sunny,0.0,7.3,0.01,7.9,1.0,9952,7.7,65.3,811,508,211,137122,-283,Medium,No,Saturday,2,Feb,6,0,0,1,0,0.10048231511254019,0.5,0.06493506493506493,1319,-0.2063855544697423,8.066666666666668,1,Medium
39,2025-02-09,GrowOut-A,Farming,Pangasius,Winter,14.2,Cloudy,0.0,7.4,0.02,8.5,1.0,9951,6.4,65.8,678,489,227,148634,-52,Medium,No,Sunday,2,Feb,6,0,0,1,0,0.10049241282283188,0.5,0.078125,1167,-0.03498526582074088,8.299999999999999,1,Medium
40,2025-02-10,GrowOut-A,Farming,Pangasius,Winter,13.9,Cloudy,0.0,6.9,0.02,8.5,1.0,9950,7.3,66.3,765,495,224,147769,-160,Medium,No,Monday,2,Feb,7,0,0,1,0,0.10050251256281408,0.5,0.0684931506849315,1260,-0.10827710818913305,8.299999999999999,1,Medium
41,2025-02-11,GrowOut-A,Farming,Pangasius,Winter,15.8,Cloudy,0.0,7.2,0.02,8.1,2.0,9948,5.9,66.7,632,507,236,156593,-231,Medium,No,Tuesday,2,Feb,7,0,0,1,0,0.2010454362685967,0.4000000000000057,0.06779661016949248,1139,-0.14751617249813212,8.366666666666667,1,Medium
42,2025-02-12,GrowOut-A,Farming,Pangasius,Winter,19.0,Sunny,0.0,6.2,0.02,8.1,0.0,9948,7.1,67.2,716,518,214,143060,-170,Medium,No,Wednesday,2,Feb,7,0,0,1,0,0.0,0.5,0.07042253521126761,1234,-0.11883125961135188,8.233333333333334,1,Medium
43,2025-02-13,GrowOut-A,Farming,Pangasius,Winter,16.7,Sunny,0.0,6.9,0.04,7.9,1.0,9947,6.1,67.5,676,524,220,147713,-558,Medium,No,Thursday,2,Feb,7,0,0,1,0,0.10053282396702523,0.29999999999999716,0.04918032786885199,1200,-0.37775957430964097,8.033333333333333,1,Medium
44,2025-02-14,GrowOut-A,Farming,Pangasius,Winter,15.2,Sunny,0.0,7.1,0.05,8.6,1.0,9946,5.8,67.9,599,477,220,148573,-216,Medium,No,Friday,2,Feb,7,0,0,1,0,0.10054293183189222,0.4000000000000057,0.0689655172413803,1076,-0.1453830776789861,8.200000000000001,1,Medium
45,2025-02-15,GrowOut-A,Farming,Pangasius,Winter,15.9,Sunny,0.0,6.8,0.1,8.1,0.0,9946,8.0,68.5,846,504,228,155337,11,Medium,No,Saturday,2,Feb,7,0,0,1,0,0.0,0.5999999999999943,0.07499999999999929,1350,0.007081377907388452,8.2,1,Medium
46,2025-02-16,GrowOut-A,Farming,Pangasius,Winter,13.2,Sunny,0.0,7.7,0.07,8.6,0.0,9946,7.2,69.0,742,522,218,149608,-180,Medium,No,Sunday,2,Feb,7,0,0,1,0,0.0,0.5,0.06944444444444445,1264,-0.12031442168867976,8.433333333333332,1,Medium
47,2025-02-17,GrowOut-A,Farming,Pangasius,Winter,18.1,Rainy,0.6,6.8,0.12,7.2,4.375,9941,6.2,69.3,659,475,213,146738,-572,Medium,No,Monday,2,Feb,8,0,0,1,0,0.4400965697615934,0.29999999999999716,0.04838709677419309,1134,-0.3898104103913097,7.966666666666666,1,Medium
48,2025-02-18,GrowOut-A,Farming,Pangasius,Winter,19.0,Sunny,0.0,7.1,0.01,7.8,0.0,9941,6.6,69.7,697,505,229,158671,-291,Medium,No,Tuesday,2,Feb,8,0,0,1,0,0.0,0.4000000000000057,0.06060606060606147,1202,-0.18339835256600134,7.866666666666667,1,Medium
49,2025-02-19,GrowOut-A,Farming,Pangasius,Winter,15.0,Sunny,0.0,7.2,0.05,8.9,1.0,9940,6.2,70.2,643,500,219,152816,-70,Medium,No,Wednesday,2,Feb,8,0,0,1,0,0.10060362173038229,0.5,0.08064516129032258,1143,-0.04580672180923464,7.966666666666666,1,Medium
50,2025-02-20,GrowOut-A,Farming,Pangasius,Winter,14.4,Rainy,3.3,7.6,0.0,9.0,1.0,9939,5.7,70.5,611,506,227,159059,-456,Medium,No,Thursday,2,Feb,8,0,0,1,0,0.10061374383740819,0.29999999999999716,0.05263157894736792,1117,-0.286686072463677,8.566666666666668,1,Medium
51,2025-02-21,GrowOut-A,Farming,Pangasius,Winter,15.0,Sunny,0.0,6.8,0.09,7.8,1.0,9938,6.6,70.9,691,488,226,159241,-297,Medium,No,Friday,2,Feb,8,0,0,1,0,0.1006238679814852,0.4000000000000057,0.06060606060606147,1179,-0.18650975565338074,8.566666666666666,1,Medium
52,2025-02-22,GrowOut-A,Farming,Pangasius,Winter,16.5,Sunny,0.0,7.5,0.08,8.2,0.0,9938,7.0,71.3,743,478,221,156596,-342,Medium,No,Saturday,2,Feb,8,0,0,1,0,0.0,0.3999999999999915,0.05714285714285593,1221,-0.21839638304937548,8.333333333333332,1,Medium
53,2025-02-23,GrowOut-A,Farming,Pangasius,Winter,16.6,Cloudy,0.0,7.2,0.03,8.7,0.0,9938,6.2,71.7,640,471,220,156762,-236,Medium,No,Sunday,2,Feb,8,0,0,1,0,0.0,0.4000000000000057,0.06451612903225898,1111,-0.15054668861076026,8.233333333333333,1,Medium
54,2025-02-24,GrowOut-A,Farming,Pangasius,Winter,18.7,Cloudy,0.0,6.9,0.01,7.3,2.0,9936,7.9,72.2,829,515,218,156389,-292,Medium,No,Monday,2,Feb,9,0,0,1,0,0.20128824476650564,0.5,0.06329113924050632,1344,-0.18671389931516924,8.066666666666665,1,Medium
55,2025-02-25,GrowOut-A,Farming,Pangasius,Winter,16.4,Sunny,0.0,7.3,0.08,8.4,0.0,9936,8.2,72.7,894,517,221,159639,-313,Medium,No,Tuesday,2,Feb,9,0,0,1,0,0.0,0.5,0.06097560975609757,1411,-0.19606737701940002,8.133333333333333,1,Medium
56,2025-02-26,GrowOut-A,Farming,Pangasius,Winter,15.5,Sunny,0.0,7.3,0.04,8.1,1.0,9935,7.6,73.3,813,505,227,165309,19,Medium,No,Wednesday,2,Feb,9,0,0,1,0,0.10065425264217413,0.5999999999999943,0.07894736842105189,1318,0.011493627086244549,7.933333333333333,1,Medium
57,2025-02-27,GrowOut-A,Farming,Pangasius,Winter,15.3,Cloudy,0.0,7.0,0.08,8.6,0.0,9935,5.9,73.6,623,492,216,157943,-471,Medium,No,Thursday,2,Feb,9,0,0,1,0,0.0,0.29999999999999716,0.05084745762711816,1115,-0.2982088474956155,8.366666666666665,1,Medium
58,2025-02-28,GrowOut-A,Farming,Pangasius,Winter,10.7,Sunny,0.0,7.2,0.01,9.0,0.0,9935,7.7,74.1,802,476,222,163433,-175,Medium,No,Friday,2,Feb,9,0,0,1,0,0.0,0.5,0.06493506493506493,1278,-0.10707751800431982,8.566666666666666,1,Medium
59,2025-03-01,GrowOut-A,Farming,Pangasius,Summer,32.7,Sunny,0.0,7.1,0.02,5.1,2.0,9933,14.6,75.2,1535,508,251,187487,662,Medium,No,Saturday,3,Mar,9,0,0,1,1,0.20134903855834088,1.1000000000000085,0.07534246575342525,2043,0.3530911476529039,7.566666666666667,2,High
60,2025-03-02,GrowOut-A,Farming,Pangasius,Summer,32.9,Sunny,0.0,7.2,0.14,4.6,4.375,9928,12.7,76.0,1339,483,252,190141,85,Medium,No,Sunday,3,Mar,9,0,0,1,1,0.4406728444802579,0.7999999999999972,0.06299212598425175,1822,0.04470366727849333,6.233333333333333,2,High
61,2025-03-03,GrowOut-A,Farming,Pangasius,Summer,31.7,Sunny,0.0,7.4,0.04,6.1,0.0,9928,14.7,77.1,1557,489,260,199017,793,Medium,No,Monday,3,Mar,10,0,0,1,0,0.0,1.0999999999999943,0.07482993197278873,2046,0.39845842314978114,5.266666666666667,1,Medium
62,2025-03-04,GrowOut-A,Farming,Pangasius,Summer,30.1,Rainy,16.4,7.7,0.13,6.0,4.375,9922,15.3,78.4,1574,491,245,190582,982,Medium,No,Tuesday,3,Mar,10,0,0,1,0,0.4409393267486394,1.3000000000000114,0.08496732026143865,2065,0.5152637709752232,5.566666666666666,1,Medium
63,2025-03-05,GrowOut-A,Farming,Pangasius,Summer,34.8,Sunny,0.0,6.8,0.06,5.0,0.0,9922,16.1,79.6,1712,497,276,217982,1077,Medium,No,Wednesday,3,Mar,10,0,0,1,1,0.0,1.1999999999999886,0.07453416149068252,2209,0.4940774926370068,5.7,2,High
64,2025-03-06,GrowOut-A,Farming,Pangasius,Summer,28.2,Sunny,0.0,7.8,0.01,7.0,1.0,9921,17.7,80.8,1820,489,251,201206,659,Medium,No,Thursday,3,Mar,10,0,0,1,0,0.10079629069650237,1.2000000000000028,0.06779661016949169,2309,0.32752502410464895,6.0,1,Medium
65,2025-03-07,GrowOut-A,Farming,Pangasius,Summer,31.9,Sunny,0.0,6.6,0.04,5.2,1.0,9920,15.8,82.2,1711,501,260,212010,1378,Medium,No,Friday,3,Mar,10,0,0,1,0,0.10080645161290322,1.4000000000000057,0.08860759493670922,2212,0.6499693410688175,5.733333333333333,1,Medium
66,2025-03-08,GrowOut-A,Farming,Pangasius,Summer,32.1,Sunny,0.0,7.2,0.04,6.0,0.0,9920,13.5,83.1,1397,491,269,221751,514,Medium,No,Saturday,3,Mar,10,0,0,1,1,0.0,0.8999999999999915,0.06666666666666604,1888,0.23179151390523606,6.066666666666666,2,High
67,2025-03-09,GrowOut-A,Farming,Pangasius,Summer,36.9,Sunny,0.0,7.4,0.06,4.6,3.0,9917,16.4,84.2,1732,511,253,211258,454,Medium,No,Sunday,3,Mar,10,0,0,1,1,0.3025108399717657,1.1000000000000085,0.06707317073170785,2243,0.2149031042611404,5.266666666666667,2,High
68,2025-03-10,GrowOut-A,Farming,Pangasius,Summer,31.6,Sunny,0.0,7.3,0.06,5.6,3.0,9914,15.3,85.1,1637,515,242,204171,-54,Medium,No,Monday,3,Mar,11,0,0,1,0,0.3026023804720597,0.8999999999999915,0.05882352941176414,2152,-0.02644841823765373,5.3999999999999995,1,Medium
69,2025-03-11,GrowOut-A,Farming,Pangasius,Summer,32.6,Sunny,0.0,7.0,0.01,6.1,1.0,9913,19.3,86.3,2017,502,257,219861,516,Medium,No,Tuesday,3,Mar,11,0,0,1,1,0.10087763542822556,1.2000000000000028,0.06217616580310895,2519,0.2346937383164818,5.433333333333334,2,High
70,2025-03-12,GrowOut-A,Farming,Pangasius,Summer,34.3,Sunny,0.0,7.1,0.01,5.4,0.0,9913,14.0,87.2,1480,507,253,218697,270,Medium,No,Wednesday,3,Mar,11,0,0,1,1,0.0,0.9000000000000057,0.0642857142857147,1987,0.12345848365546852,5.699999999999999,2,High
71,2025-03-13,GrowOut-A,Farming,Pangasius,Summer,33.5,Cloudy,0.0,7.1,0.08,5.4,1.0,9912,14.6,88.3,1575,532,242,211806,510,Medium,No,Thursday,3,Mar,11,0,0,1,1,0.10088781275221953,1.0999999999999943,0.07534246575342426,2107,0.24078637998923544,5.633333333333334,2,High
72,2025-03-14,GrowOut-A,Farming,Pangasius,Summer,34.8,Sunny,0.0,7.0,0.05,6.0,0.0,9912,20.9,90.0,2218,482,262,233725,1715,Medium,No,Friday,3,Mar,11,0,0,1,1,0.0,1.7000000000000028,0.08133971291866043,2700,0.7337683174671088,5.6000000000000005,2,High
73,2025-03-15,GrowOut-A,Farming,Pangasius,Summer,29.2,Sunny,0.0,7.5,0.02,6.2,0.0,9912,17.8,91.1,1882,481,262,236582,494,Medium,No,Saturday,3,Mar,11,0,0,1,0,0.0,1.0999999999999943,0.06179775280898844,2363,0.20880709436897146,5.866666666666667,1,Medium
74,2025-03-16,GrowOut-A,Farming,Pangasius,Summer,30.0,Sunny,0.0,7.3,0.09,6.5,0.0,9912,19.5,92.4,1982,510,269,246369,974,Medium,No,Sunday,3,Mar,11,0,0,1,0,0.0,1.3000000000000114,0.06666666666666725,2492,0.3953419464299486,6.233333333333333,1,Medium
75,2025-03-17,GrowOut-A,Farming,Pangasius,Summer,30.9,Sunny,0.0,7.0,0.04,5.6,0.0,9912,14.7,93.5,1516,529,251,232620,692,Medium,No,Monday,3,Mar,12,0,0,1,0,0.0,1.0999999999999943,0.07482993197278873,2045,0.29748087008855645,6.099999999999999,1,Medium
76,2025-03-18,GrowOut-A,Farming,Pangasius,Summer,28.9,Sunny,0.0,7.5,0.08,6.5,1.0,9911,18.7,95.0,2003,496,248,233503,1165,Medium,No,Tuesday,3,Mar,12,0,0,1,0,0.10089799212995662,1.5,0.08021390374331551,2499,0.49892292604377675,6.2,1,Medium
77,2025-03-19,GrowOut-A,Farming,Pangasius,Summer,32.1,Sunny,0.0,7.3,0.04,6.7,2.0,9909,17.7,96.4,1879,526,257,245493,1111,Medium,No,Wednesday,3,Mar,12,0,0,1,1,0.20183671409829448,1.4000000000000057,0.07909604519774044,2405,0.4525587287621236,6.266666666666667,2,High
78,2025-03-20,GrowOut-A,Farming,Pangasius,Summer,30.2,Rainy,0.7,7.4,0.1,4.7,2.0,9907,15.9,97.5,1692,501,259,250177,580,Medium,No,Thursday,3,Mar,12,0,0,1,0,0.20187746038154838,1.0999999999999943,0.06918238993710656,2193,0.23183586021097063,5.966666666666666,1,Medium
79,2025-03-21,GrowOut-A,Farming,Pangasius,Summer,35.1,Sunny,0.0,7.4,0.09,4.9,2.0,9905,16.5,98.6,1753,490,267,260761,614,Medium,No,Friday,3,Mar,12,0,0,1,1,0.20191822311963656,1.0999999999999943,0.06666666666666632,2243,0.23546465920900747,5.433333333333334,2,High
80,2025-03-22,GrowOut-A,Farming,Pangasius,Summer,31.3,Sunny,0.0,7.0,0.13,5.9,4.375,9900,21.0,99.9,2259,485,271,268022,610,Medium,No,Saturday,3,Mar,12,0,0,1,0,0.44191919191919193,1.3000000000000114,0.06190476190476245,2744,0.2275932572699256,5.166666666666667,1,Medium
81,2025-03-23,GrowOut-A,Farming,Pangasius,Summer,33.1,Cloudy,0.0,7.0,0.07,5.6,1.0,9899,17.4,101.2,1818,509,269,269478,1108,Medium,No,Sunday,3,Mar,12,0,0,1,1,0.10102030508132134,1.2999999999999972,0.07471264367816076,2327,0.41116528993090345,5.466666666666666,2,High
82,2025-03-24,GrowOut-A,Farming,Pangasius,Summer,34.7,Sunny,0.0,7.4,0.06,5.7,1.0,9898,16.9,102.3,1779,486,262,265292,561,Medium,No,Monday,3,Mar,13,0,0,1,1,0.10103051121438673,1.0999999999999943,0.06508875739644937,2265,0.21146510260392323,5.733333333333333,2,High
83,2025-03-25,GrowOut-A,Farming,Pangasius,Summer,37.1,Sunny,0.0,7.4,0.08,4.7,1.0,9897,21.9,104.1,2254,501,266,274054,1956,Medium,No,Tuesday,3,Mar,13,0,0,1,1,0.1010407194099222,1.7999999999999972,0.08219178082191768,2755,0.7137279514256314,5.333333333333333,2,High
84,2025-03-26,GrowOut-A,Farming,Pangasius,Summer,29.1,Sunny,0.0,7.2,0.01,6.6,2.0,9895,24.2,106.1,2479,524,255,267714,1990,Medium,No,Wednesday,3,Mar,13,0,0,1,0,0.20212228398180898,2.0,0.08264462809917356,3003,0.7433305691895082,5.666666666666667,1,Medium
85,2025-03-27,GrowOut-A,Farming,Pangasius,Summer,34.4,Cloudy,0.0,7.2,0.06,5.5,3.0,9892,21.3,107.4,2166,495,261,277287,612,Medium,No,Thursday,3,Mar,13,0,0,1,1,0.30327537403962795,1.3000000000000114,0.06103286384976579,2661,0.2207099503402612,5.6000000000000005,2,High
86,2025-03-28,GrowOut-A,Farming,Pangasius,Summer,33.2,Sunny,0.0,7.6,0.07,6.3,1.0,9891,24.4,109.0,2519,520,251,270608,906,Medium,No,Friday,3,Mar,13,0,0,1,1,0.10110201193003741,1.5999999999999943,0.06557377049180305,3039,0.33480163188080175,6.133333333333333,2,High
87,2025-03-29,GrowOut-A,Farming,Pangasius,Summer,34.4,Sunny,0.0,7.0,0.01,5.9,0.0,9891,24.2,110.7,2616,482,260,284683,1274,Medium,No,Saturday,3,Mar,13,0,0,1,1,0.0,1.7000000000000028,0.07024793388429763,3098,0.4475153064988075,5.8999999999999995,2,High
88,2025-03-30,GrowOut-A,Farming,Pangasius,Summer,32.5,Sunny,0.0,7.4,0.0,6.3,1.0,9890,24.7,112.7,2517,492,261,290911,2125,Medium,No,Sunday,3,Mar,13,0,0,1,1,0.10111223458038422,2.0,0.08097165991902834,3009,0.7304639563302866,6.166666666666667,2,High
89,2025-03-31,GrowOut-A,Farming,Pangasius,Summer,33.7,Sunny,0.0,7.1,0.02,5.6,0.0,9890,25.8,114.4,2693,479,273,308877,1418,Medium,No,Monday,3,Mar,14,0,0,1,1,0.0,1.7000000000000028,0.06589147286821716,3172,0.459082417920402,5.933333333333333,2,High
90,2025-04-01,GrowOut-A,Farming,Pangasius,Summer,32.3,Sunny,0.0,7.1,0.03,5.8,0.0,9890,25.5,116.2,2612,501,258,296498,1480,Medium,No,Tuesday,4,Apr,14,0,0,1,1,0.0,1.7999999999999972,0.07058823529411754,3113,0.4991601966960991,5.8999999999999995,2,High
91,2025-04-02,GrowOut-A,Farming,Pangasius,Summer,29.6,Sunny,0.0,7.5,0.06,6.0,3.0,9887,24.3,117.8,2522,512,261,303984,1004,Medium,No,Wednesday,4,Apr,14,0,0,1,0,0.3034287448164256,1.5999999999999943,0.06584362139917672,3034,0.33028054108110955,5.8,1,Medium
92,2025-04-03,GrowOut-A,Farming,Pangasius,Summer,33.5,Sunny,0.0,7.4,0.09,5.7,0.0,9887,25.4,119.8,2676,501,262,310329,2004,Medium,No,Thursday,4,Apr,14,0,0,1,1,0.0,2.0,0.07874015748031496,3177,0.6457662674129714,5.833333333333333,2,High
93,2025-04-04,GrowOut-A,Farming,Pangasius,Summer,30.1,Sunny,0.0,7.4,0.14,5.6,4.375,9880,19.5,121.3,2020,518,256,306802,1041,Medium,No,Friday,4,Apr,14,0,0,1,0,0.44281376518218624,1.5,0.07692307692307693,2538,0.3393067841800249,5.766666666666666,1,Medium
94,2025-04-05,GrowOut-A,Farming,Pangasius,Summer,33.5,Cloudy,0.0,7.6,0.09,5.7,1.0,9879,20.7,122.5,2219,489,254,307385,272,Medium,No,Saturday,4,Apr,14,0,0,1,1,0.10122482032594392,1.2000000000000028,0.05797101449275376,2708,0.08848837776729508,5.666666666666667,2,High
95,2025-04-06,GrowOut-A,Farming,Pangasius,Summer,34.5,Sunny,0.0,7.2,0.0,6.9,1.0,9878,21.5,123.7,2323,503,270,329915,341,Medium,No,Sunday,4,Apr,14,0,0,1,1,0.10123506782749545,1.2000000000000028,0.055813953488372224,2826,0.10335995635239381,6.066666666666666,2,High
96,2025-04-07,GrowOut-A,Farming,Pangasius,Summer,30.3,Sunny,0.0,7.4,0.01,6.8,1.0,9877,22.8,125.5,2291,492,252,312370,1666,Medium,No,Monday,4,Apr,15,0,0,1,0,0.10124531740407007,1.7999999999999972,0.0789473684210525,2783,0.5333418702180107,6.466666666666666,1,Medium
97,2025-04-08,GrowOut-A,Farming,Pangasius,Summer,32.3,Sunny,0.0,7.1,0.04,5.8,1.0,9876,27.7,127.3,2871,505,250,314304,1037,Medium,No,Tuesday,4,Apr,15,0,0,1,1,0.1012555690562981,1.7999999999999972,0.06498194945848365,3376,0.3299353492160456,6.5,2,High
98,2025-04-09,GrowOut-A,Farming,Pangasius,Summer,33.8,Sunny,0.0,7.3,0.05,6.3,0.0,9876,25.1,128.9,2638,508,265,337349,1041,Medium,No,Wednesday,4,Apr,15,0,0,1,1,0.0,1.6000000000000085,0.06374501992031906,3146,0.3085825065436684,6.3,2,High
99,2025-04-10,GrowOut-A,Farming,Pangasius,Summer,31.5,Cloudy,0.0,7.2,0.04,5.9,0.0,9876,27.7,131.0,2971,509,269,348020,2099,Medium,No,Thursday,4,Apr,15,0,0,1,0,0.0,2.0999999999999943,0.07581227436823085,3480,0.6031262571116602,6.0,1,Medium
100,2025-04-11,GrowOut-A,Farming,Pangasius,Summer,37.5,Sunny,0.0,7.2,0.02,4.3,4.375,9869,31.0,132.8,3227,484,256,335514,602,Medium,No,Friday,4,Apr,15,0,0,1,1,0.4433073259702097,1.8000000000000114,0.05806451612903262,3711,0.17942619383989938,5.5,2,High
101,2025-04-12,GrowOut-A,Farming,Pangasius,Summer,32.2,Sunny,0.0,7.4,0.04,5.5,1.0,9868,27.8,134.9,2918,487,257,342117,1887,Medium,No,Saturday,4,Apr,15,0,0,1,1,0.10133765707336846,2.0999999999999943,0.07553956834532354,3405,0.5515656924385518,5.233333333333333,2,High
102,2025-04-13,GrowOut-A,Farming,Pangasius,Summer,30.1,Sunny,0.0,7.0,0.0,5.5,2.0,9866,28.5,137.2,2927,489,262,354647,2459,Medium,No,Sunday,4,Apr,15,0,0,1,0,0.20271639975674033,2.299999999999983,0.08070175438596432,3416,0.6933655155690024,5.1000000000000005,1,Medium
103,2025-04-14,GrowOut-A,Farming,Pangasius,Summer,34.0,Sunny,0.0,7.8,0.06,5.4,1.0,9865,22.0,138.9,2243,496,254,348043,1486,Medium,No,Monday,4,Apr,16,0,0,1,1,0.10136847440446022,1.700000000000017,0.07727272727272805,2739,0.4269587378571038,5.466666666666666,2,High
104,2025-04-15,GrowOut-A,Farming,Pangasius,Summer,31.8,Rainy,16.6,6.9,0.05,6.0,0.0,9865,27.0,140.5,2913,501,254,352052,595,Medium,No,Tuesday,4,Apr,16,0,0,1,0,0.0,1.5999999999999943,0.059259259259259046,3414,0.16900912365218776,5.633333333333333,1,Medium
105,2025-04-16,GrowOut-A,Farming,Pangasius,Summer,33.5,Cloudy,0.0,6.8,0.01,6.8,1.0,9864,30.2,142.3,3061,511,267,374774,1131,Medium,No,Wednesday,4,Apr,16,0,0,1,1,0.10137875101378752,1.8000000000000114,0.0596026490066229,3572,0.30178187387598926,6.066666666666666,2,High
106,2025-04-17,GrowOut-A,Farming,Pangasius,Summer,30.3,Cloudy,0.0,7.5,0.12,6.0,4.375,9856,27.2,144.3,2983,487,265,376889,1452,Medium,No,Thursday,4,Apr,16,0,0,1,0,0.4438920454545454,2.0,0.07352941176470588,3470,0.38525932038345506,6.266666666666667,1,Medium
107,2025-04-18,GrowOut-A,Farming,Pangasius,Summer,29.0,Sunny,0.0,7.4,0.01,6.5,1.0,9855,27.0,145.8,2874,476,270,387952,602,Medium,No,Friday,4,Apr,16,0,0,1,0,0.10147133434804667,1.5,0.05555555555555555,3350,0.15517383593846662,6.433333333333334,1,Medium
108,2025-04-19,GrowOut-A,Farming,Pangasius,Summer,32.4,Rainy,6.0,7.4,0.04,6.4,0.0,9855,23.5,147.2,2499,532,250,362664,418,Medium,No,Saturday,4,Apr,16,0,0,1,1,0.0,1.3999999999999773,0.059574468085105414,3031,0.11525820042794432,6.3,2,High
109,2025-04-20,GrowOut-A,Farming,Pangasius,Summer,29.5,Sunny,0.0,7.4,0.07,5.1,1.0,9854,29.9,149.3,3174,483,256,376628,1603,Medium,No,Sunday,4,Apr,16,0,0,1,0,0.10148163182463973,2.1000000000000227,0.07023411371237534,3657,0.4256189130919634,6.0,1,Medium
110,2025-04-21,GrowOut-A,Farming,Pangasius,Summer,32.5,Rainy,0.8,7.2,0.01,6.2,1.0,9853,32.1,151.5,3354,513,262,391095,1773,Medium,No,Monday,4,Apr,17,0,0,1,1,0.10149193139145438,2.1999999999999886,0.06853582554517099,3867,0.45334253825796805,5.8999999999999995,2,High
111,2025-04-22,GrowOut-A,Farming,Pangasius,Summer,30.4,Sunny,0.0,6.9,0.06,6.5,3.0,9850,34.3,153.5,3628,500,253,382530,741,Medium,No,Tuesday,4,Apr,17,0,0,1,0,0.30456852791878175,2.0,0.05830903790087464,4128,0.1937102972315897,5.933333333333334,1,Medium
112,2025-04-23,GrowOut-A,Farming,Pangasius,Summer,32.7,Sunny,0.0,7.2,0.02,5.3,0.0,9850,29.3,155.6,3065,504,265,406155,1913,Medium,No,Wednesday,4,Apr,17,0,0,1,1,0.0,2.0999999999999943,0.07167235494880526,3569,0.47100244980364636,6.0,2,High
113,2025-04-24,GrowOut-A,Farming,Pangasius,Summer,33.1,Cloudy,0.0,7.0,0.02,6.5,0.0,9850,31.8,157.5,3374,500,270,418871,1179,Medium,No,Thursday,4,Apr,17,0,0,1,1,0.0,1.9000000000000057,0.05974842767295615,3874,0.2814709063172194,6.1000000000000005,2,High
114,2025-04-25,GrowOut-A,Farming,Pangasius,Summer,29.2,Cloudy,0.0,7.5,0.04,6.6,1.0,9849,27.4,159.3,2875,494,255,400081,1112,Medium,No,Friday,4,Apr,17,0,0,1,0,0.1015331505736623,1.8000000000000114,0.06569343065693473,3369,0.27794371639742954,6.133333333333333,1,Medium
115,2025-04-26,GrowOut-A,Farming,Pangasius,Summer,30.1,Cloudy,0.0,7.2,0.01,6.2,1.0,9848,33.0,161.3,3402,507,260,413005,1171,Medium,No,Saturday,4,Apr,17,0,0,1,0,0.10154346060113728,2.0,0.06060606060606061,3909,0.28353167637195675,6.433333333333334,1,Medium
116,2025-04-27,GrowOut-A,Farming,Pangasius,Summer,33.0,Cloudy,0.0,7.0,0.02,6.3,0.0,9848,27.1,163.0,2798,493,271,435016,1246,Medium,No,Sunday,4,Apr,17,0,0,1,1,0.0,1.6999999999999886,0.06273062730627264,3291,0.28642624639093733,6.366666666666667,2,High
117,2025-04-28,GrowOut-A,Farming,Pangasius,Summer,39.7,Sunny,0.0,7.1,0.0,6.2,1.0,9847,37.4,165.9,3853,517,274,447611,3410,Medium,No,Monday,4,Apr,18,0,0,1,1,0.10155377272265664,2.9000000000000057,0.07754010695187182,4370,0.7618222072290449,6.233333333333333,2,High
118,2025-04-29,GrowOut-A,Farming,Pangasius,Summer,33.9,Cloudy,0.0,7.3,0.1,5.5,0.0,9847,29.2,167.6,3123,509,266,438995,821,Medium,No,Tuesday,4,Apr,18,0,0,1,1,0.0,1.6999999999999886,0.058219178082191396,3632,0.18701807537671272,6.0,2,High
119,2025-04-30,GrowOut-A,Farming,Pangasius,Summer,33.3,Sunny,0.0,7.0,0.04,5.9,1.0,9846,28.8,169.3,2988,509,265,441736,894,Medium,No,Wednesday,4,Apr,18,0,0,1,1,0.10156408693885842,1.700000000000017,0.059027777777778366,3497,0.20238332397631165,5.866666666666667,2,High
120,2025-05-01,GrowOut-A,Farming,Pangasius,Summer,30.5,Sunny,0.0,7.0,0.02,6.1,1.0,9845,33.2,171.8,3359,492,253,427917,2333,Medium,No,Thursday,5,May,18,0,0,1,0,0.1015744032503809,2.5,0.0753012048192771,3851,0.545199185823419,5.833333333333333,1,Medium
121,2025-05-02,GrowOut-A,Farming,Pangasius,Summer,31.5,Sunny,0.0,7.3,0.05,5.6,0.0,9845,38.8,174.5,4105,496,263,451822,2390,Medium,No,Friday,5,May,18,0,0,1,0,0.0,2.6999999999999886,0.06958762886597909,4601,0.5289693728946355,5.866666666666667,1,Medium
122,2025-05-03,GrowOut-B,Farming,Rohu-Bhakur Polyculture,Summer,33.1,Sunny,0.0,7.6,0.07,5.1,1.0,7999,16.4,101.4,1759,502,316,256307,0,Medium,No,Saturday,5,May,18,0,0,1,1,0.12501562695336918,0.0,0.0,2261,0.0,5.1,2,High
123,2025-05-04,GrowOut-B,Farming,Rohu-Bhakur Polyculture,Summer,31.6,Sunny,0.0,7.7,0.04,6.2,0.0,7999,17.6,102.8,1913,477,333,273825,1339,Medium,No,Sunday,5,May,18,0,0,1,0,0.0,1.3999999999999915,0.07954545454545406,2390,0.4889984479138135,5.65,1,Medium
124,2025-05-05,GrowOut-B,Farming,Rohu-Bhakur Polyculture,Summer,28.5,Sunny,0.0,7.5,0.1,7.3,1.0,7998,16.7,104.2,1745,498,319,265852,1296,Medium,No,Monday,5,May,19,0,0,1,0,0.12503125781445362,1.4000000000000057,0.08383233532934166,2243,0.48748927974963513,6.2,1,Medium
125,2025-05-06,GrowOut-B,Farming,Rohu-Bhakur Polyculture,Summer,28.1,Rainy,1.4,7.1,0.04,6.1,0.0,7998,15.4,105.5,1607,519,308,259887,1076,Medium,No,Tuesday,5,May,19,0,0,1,0,0.0,1.2999999999999972,0.08441558441558424,2126,0.41402609595708906,6.533333333333334,1,Medium
126,2025-05-07,GrowOut-B,Farming,Rohu-Bhakur Polyculture,Summer,31.6,Cloudy,0.0,7.3,0.02,4.949999999999999,4.0,7994,14.3,106.5,1476,513,319,271584,426,Medium,No,Wednesday,5,May,19,0,0,1,0,0.5003752814610958,1.0,0.06993006993006992,1989,0.15685754683633793,6.116666666666667,1,Medium
127,2025-05-08,GrowOut-B,Farming,Rohu-Bhakur Polyculture,Summer,31.4,Sunny,0.0,7.2,0.01,6.1,1.0,7993,18.5,107.8,1924,481,313,269695,814,Medium,No,Thursday,5,May,19,0,0,1,0,0.12510947078693857,1.2999999999999972,0.07027027027027012,2405,0.3018224290402121,5.716666666666666,1,Medium
128,2025-05-09,GrowOut-B,Farming,Rohu-Bhakur Polyculture,Summer,33.7,Cloudy,0.0,6.9,0.01,6.4,0.0,7993,15.4,109.0,1592,509,323,281410,997,Medium,No,Friday,5,May,19,0,0,1,1,0.0,1.2000000000000028,0.0779220779220781,2101,0.3542873387583952,5.816666666666666,2,High
129,2025-05-10,GrowOut-B,Farming,Rohu-Bhakur Polyculture,Summer,30.8,Cloudy,0.0,7.3,0.01,7.3,1.0,7992,19.6,110.5,2023,508,320,282597,1270,Medium,No,Saturday,5,May,19,0,0,1,0,0.12512512512512514,1.5,0.07653061224489795,2531,0.44940321376376957,6.6000000000000005,1,Medium
130,2025-05-11,GrowOut-B,Farming,Rohu-Bhakur Polyculture,Summer,31.7,Cloudy,0.0,6.8,0.05,5.4,0.0,7992,18.5,112.2,1987,505,325,291428,1924,Medium,No,Sunday,5,May,19,0,0,1,0,0.0,1.7000000000000028,0.09189189189189205,2492,0.6601973729360253,6.366666666666667,1,Medium
131,2025-05-12,GrowOut-B,Farming,Rohu-Bhakur Polyculture,Summer,32.6,Sunny,0.0,7.6,0.06,6.1,0.0,7992,20.2,113.8,2089,500,308,280123,1349,Medium,No,Monday,5,May,20,0,0,1,1,0.0,1.5999999999999943,0.07920792079207893,2589,0.48157416563438205,6.266666666666667,2,High
132,2025-05-13,GrowOut-B,Farming,Rohu-Bhakur Polyculture,Summer,33.0,Cloudy,0.0,7.1,0.11,5.3,5.0,7986,15.1,115.2,1593,510,316,290716,1214,Medium,No,Tuesday,5,May,20,0,0,1,1,0.6260956674179815,1.4000000000000057,0.09271523178807985,2103,0.4175896751468787,5.599999999999999,2,High
133,2025-05-14,GrowOut-B,Farming,Rohu-Bhakur Polyculture,Summer,33.5,Sunny,0.0,7.3,0.07,5.6,1.0,7985,21.6,116.8,2270,510,330,307774,1398,Medium,No,Wednesday,5,May,20,0,0,1,1,0.12523481527864747,1.5999999999999943,0.0740740740740738,2780,0.4542294020937441,5.666666666666667,2,High
134,2025-05-15,GrowOut-B,Farming,Rohu-Bhakur Polyculture,Summer,32.4,Rainy,13.9,7.3,0.03,7.3,2.0,7983,22.2,118.5,2398,490,307,290418,1207,Medium,No,Thursday,5,May,20,0,0,1,1,0.2505323813102844,1.7000000000000028,0.07657657657657671,2888,0.4156078479984023,6.066666666666666,2,High
135,2025-05-16,GrowOut-B,Farming,Rohu-Bhakur Polyculture,Summer,29.4,Sunny,0.0,7.1,0.04,5.6,1.0,7982,17.0,120.2,1768,507,310,297425,1895,Medium,No,Friday,5,May,20,0,0,1,0,0.12528188423953895,1.7000000000000028,0.10000000000000017,2275,0.6371354122888123,6.166666666666667,1,Medium
136,2025-05-17,GrowOut-B,Farming,Rohu-Bhakur Polyculture,Summer,31.8,Cloudy,0.0,7.4,0.09,5.9,1.0,7981,16.8,121.9,1777,497,322,313269,2056,Medium,No,Saturday,5,May,20,0,0,1,0,0.1252975817566721,1.7000000000000028,0.10119047619047636,2274,0.656304964742761,6.266666666666667,1,Medium
137,2025-05-18,GrowOut-B,Farming,Rohu-Bhakur Polyculture,Summer,31.8,Cloudy,0.0,7.1,0.07,6.1,1.0,7980,18.6,123.7,1982,478,323,318842,2140,Medium,No,Sunday,5,May,20,0,0,1,0,0.12531328320802004,1.7999999999999972,0.09677419354838694,2460,0.671178828385219,5.866666666666666,1,Medium
138,2025-05-19,GrowOut-B,Farming,Rohu-Bhakur Polyculture,Summer,32.1,Cloudy,0.0,7.5,0.03,6.6,1.0,7979,19.0,125.0,2052,492,315,314173,684,Medium,No,Monday,5,May,21,0,0,1,1,0.12532898859506203,1.2999999999999972,0.0684210526315788,2544,0.217714443952854,6.2,2,High
139,2025-05-20,GrowOut-B,Farming,Rohu-Bhakur Polyculture,Summer,29.0,Cloudy,0.0,6.8,0.01,6.6,1.0,7978,19.4,126.5,2017,477,317,319922,1260,Medium,No,Tuesday,5,May,21,0,0,1,0,0.125344697919278,1.5,0.07731958762886598,2494,0.3938459999624909,6.433333333333333,1,Medium
140,2025-05-21,GrowOut-B,Farming,Rohu-Bhakur Polyculture,Summer,36.6,Sunny,0.0,7.2,0.02,5.6,0.0,7978,21.0,128.4,2179,515,325,332922,2232,Medium,No,Wednesday,5,May,21,0,0,1,1,0.0,1.9000000000000057,0.09047619047619075,2694,0.6704273072972048,6.266666666666667,2,High
141,2025-05-22,GrowOut-B,Farming,Rohu-Bhakur Polyculture,Summer,34.2,Sunny,0.0,7.8,0.02,5.6,3.0,7975,19.3,130.3,1986,505,328,340839,2353,Medium,No,Thursday,5,May,21,0,0,1,1,0.37617554858934166,1.9000000000000057,0.09844559585492257,2491,0.6903552703769228,5.933333333333333,2,High
142,2025-05-23,GrowOut-B,Farming,Rohu-Bhakur Polyculture,Summer,35.6,Cloudy,0.0,6.9,0.12,5.1,5.0,7970,19.4,131.9,2124,495,310,325885,1132,Medium,No,Friday,5,May,21,0,0,1,1,0.6273525721455457,1.5999999999999943,0.08247422680412342,2619,0.3473617994077665,5.433333333333334,2,High
143,2025-05-24,GrowOut-B,Farming,Rohu-Bhakur Polyculture,Summer,33.2,Sunny,0.0,7.0,0.01,5.8,0.0,7970,17.4,133.5,1875,521,323,343670,1723,Medium,No,Saturday,5,May,21,0,0,1,1,0.0,1.5999999999999943,0.09195402298850543,2396,0.5013530421625396,5.5,2,High
144,2025-05-25,GrowOut-B,Farming,Rohu-Bhakur Polyculture,Summer,30.8,Sunny,0.0,7.4,0.04,6.5,2.0,7968,20.3,134.9,2130,501,335,360086,1017,Medium,No,Sunday,5,May,21,0,0,1,0,0.251004016064257,1.4000000000000057,0.06896551724137959,2631,0.28243253000672064,5.8,1,Medium
145,2025-05-26,GrowOut-B,Farming,Rohu-Bhakur Polyculture,Summer,33.0,Sunny,0.0,7.3,0.04,5.7,0.0,7968,24.0,136.8,2613,479,319,347717,1737,Medium,No,Monday,5,May,22,0,0,1,1,0.0,1.9000000000000057,0.0791666666666669,3092,0.49954416954017206,6.0,2,High
146,2025-05-27,GrowOut-B,Farming,Rohu-Bhakur Polyculture,Summer,33.7,Rainy,0.5,7.3,0.03,6.0,2.0,7966,18.4,138.2,1928,493,310,341279,951,Medium,No,Tuesday,5,May,22,0,0,1,1,0.25106703489831783,1.3999999999999773,0.0760869565217379,2421,0.2786576378857182,6.066666666666666,2,High
147,2025-05-28,GrowOut-B,Farming,Rohu-Bhakur Polyculture,Summer,30.1,Sunny,0.0,7.3,0.02,6.4,1.0,7965,24.5,140.1,2608,524,309,344812,1502,Medium,No,Wednesday,5,May,22,0,0,1,0,0.12554927809165098,1.9000000000000057,0.0775510204081635,3132,0.4355996891059476,6.033333333333334,1,Medium
148,2025-05-29,GrowOut-B,Farming,Rohu-Bhakur Polyculture,Summer,30.8,Sunny,0.0,7.4,0.05,6.7,1.0,7964,26.7,142.5,2804,490,318,360889,2740,Medium,No,Thursday,5,May,22,0,0,1,0,0.12556504269211452,2.4000000000000057,0.08988764044943842,3294,0.7592362194469767,6.366666666666667,1,Medium
149,2025-05-30,GrowOut-B,Farming,Rohu-Bhakur Polyculture,Summer,33.2,Cloudy,0.0,7.5,0.05,5.7,0.0,7964,26.7,144.4,2825,504,330,379501,1664,Medium,No,Friday,5,May,22,0,0,1,1,0.0,1.9000000000000057,0.07116104868913879,3329,0.438470517864248,6.266666666666667,2,High
150,2025-05-31,GrowOut-B,Farming,Rohu-Bhakur Polyculture,Summer,29.6,Sunny,0.0,7.3,0.01,5.6,1.0,7963,18.5,146.0,1953,511,320,372031,1567,Medium,No,Saturday,5,May,22,0,0,1,0,0.1255808112520407,1.5999999999999943,0.08648648648648619,2464,0.42120145901820016,6.0,1,Medium
151,2025-06-01,GrowOut-B,Farming,Rohu-Bhakur Polyculture,Monsoon,29.9,Rainy,16.2,7.1,0.08,6.7,2.0,7961,27.7,148.8,2885,509,322,381440,3690,Medium,No,Sunday,6,Jun,22,1,0,1,0,0.25122472051249845,2.8000000000000114,0.10108303249097514,3394,0.967386744966443,6.0,1,Medium
152,2025-06-02,GrowOut-B,Farming,Rohu-Bhakur Polyculture,Monsoon,26.1,Cloudy,0.0,7.4,0.04,6.4,1.0,7960,24.1,150.5,2583,537,310,371374,1029,Medium,No,Monday,6,Jun,23,1,0,1,0,0.1256281407035176,1.6999999999999886,0.07053941908713646,3120,0.277079170862796,6.233333333333334,1,Medium
153,2025-06-03,GrowOut-B,Farming,Rohu-Bhakur Polyculture,Monsoon,26.8,Cloudy,0.0,7.8,0.04,6.5,1.0,7959,24.5,152.8,2608,482,329,400108,2883,Medium,No,Tuesday,6,Jun,23,1,0,1,0,0.12564392511622063,2.3000000000000114,0.09387755102040862,3090,0.7205554500284923,6.533333333333334,1,Medium
154,2025-06-04,GrowOut-B,Farming,Rohu-Bhakur Polyculture,Monsoon,27.4,Rainy,43.5,7.2,0.06,6.3,2.0,7957,25.1,155.2,2687,484,309,381592,2635,Medium,No,Wednesday,6,Jun,23,1,0,1,0,0.2513510116878221,2.3999999999999773,0.09561752988047717,3171,0.6905281033145348,6.3999999999999995,1,Medium
155,2025-06-05,GrowOut-B,Farming,Rohu-Bhakur Polyculture,Monsoon,24.8,Rainy,9.9,6.9,0.05,7.7,0.0,7957,24.9,157.7,2630,483,315,395268,3153,Medium,No,Thursday,6,Jun,23,1,0,1,0,0.0,2.5,0.10040160642570281,3113,0.7976866328668144,6.833333333333333,1,Medium
156,2025-06-06,GrowOut-B,Farming,Rohu-Bhakur Polyculture,Monsoon,32.4,Sunny,0.0,7.5,0.07,4.949999999999999,3.0,7954,26.1,159.9,2693,496,326,414621,2361,Medium,No,Friday,6,Jun,23,1,0,1,1,0.37716872014080965,2.200000000000017,0.08429118773946426,3189,0.5694357015201835,6.316666666666666,2,High
157,2025-06-07,GrowOut-B,Farming,Rohu-Bhakur Polyculture,Monsoon,27.5,Rainy,8.8,7.2,0.05,7.75,1.0,7953,27.9,162.1,3025,516,300,386754,1660,Medium,No,Saturday,6,Jun,23,1,0,1,0,0.1257387149503332,2.1999999999999886,0.07885304659498167,3541,0.42921340180062784,6.8,1,Medium
158,2025-06-08,GrowOut-B,Farming,Rohu-Bhakur Polyculture,Monsoon,27.9,Rainy,1.3,6.5,0.02,7.2,1.0,7952,26.3,164.2,2748,485,322,420441,2092,Medium,No,Sunday,6,Jun,23,1,0,1,0,0.12575452716297789,2.0999999999999943,0.07984790874524693,3233,0.49757278666923543,6.633333333333333,1,Medium
159,2025-06-09,GrowOut-B,Farming,Rohu-Bhakur Polyculture,Monsoon,34.1,Rainy,16.5,7.5,0.05,5.7,1.0,7951,22.4,166.0,2368,517,310,409158,1501,Medium,No,Monday,6,Jun,24,1,0,1,1,0.12577034335303736,1.8000000000000114,0.08035714285714338,2885,0.36685094755571196,6.883333333333333,2,High
160,2025-06-10,GrowOut-B,Farming,Rohu-Bhakur Polyculture,Monsoon,33.1,Rainy,32.7,7.0,0.01,6.0,0.0,7951,22.9,167.6,2434,501,320,426428,1136,Medium,No,Tuesday,6,Jun,24,1,0,1,1,0.0,1.5999999999999943,0.06986899563318753,2935,0.2663990169501065,6.3,2,High
161,2025-06-11,GrowOut-B,Farming,Rohu-Bhakur Polyculture,Monsoon,31.4,Cloudy,0.0,7.2,0.04,6.2,0.0,7951,22.1,169.5,2336,483,317,427219,1970,Medium,No,Wednesday,6,Jun,24,1,0,1,0,0.0,1.9000000000000057,0.08597285067873328,2819,0.4611218134024938,5.966666666666668,1,Medium
162,2025-06-12,GrowOut-B,Farming,Rohu-Bhakur Polyculture,Monsoon,29.0,Sunny,0.0,7.3,0.04,6.7,0.0,7951,29.1,172.0,3109,474,340,464974,3175,Medium,No,Thursday,6,Jun,24,1,0,1,0,0.0,2.5,0.0859106529209622,3583,0.6828338788835504,6.3,1,Medium
163,2025-06-13,GrowOut-B,Farming,Rohu-Bhakur Polyculture,Monsoon,31.6,Sunny,0.0,7.3,0.03,6.4,1.0,7950,22.9,173.9,2454,477,316,436872,1788,Medium,No,Friday,6,Jun,24,1,0,1,0,0.12578616352201258,1.9000000000000057,0.08296943231441073,2931,0.4092731967258144,6.433333333333334,1,Medium
164,2025-06-14,GrowOut-B,Farming,Rohu-Bhakur Polyculture,Monsoon,31.2,Rainy,31.1,7.4,0.04,6.4,1.0,7949,29.2,176.1,3053,490,338,473139,2309,Medium,No,Saturday,6,Jun,24,1,0,1,0,0.1258019876714052,2.1999999999999886,0.07534246575342426,3543,0.4880172634257586,6.5,1,Medium
165,2025-06-15,GrowOut-B,Farming,Rohu-Bhakur Polyculture,Monsoon,27.7,Rainy,11.6,7.1,0.12,6.3,5.0,7944,26.6,178.3,2879,497,326,461751,2034,Medium,No,Sunday,6,Jun,24,1,0,1,0,0.6294058408862034,2.200000000000017,0.08270676691729387,3376,0.440497151061936,6.366666666666667,1,Medium
166,2025-06-16,GrowOut-B,Farming,Rohu-Bhakur Polyculture,Monsoon,28.1,Rainy,1.9,7.4,0.02,6.6,0.0,7944,27.8,180.5,2904,520,312,447374,2029,Medium,No,Monday,6,Jun,25,1,0,1,0,0.0,2.1999999999999886,0.0791366906474816,3424,0.45353552061586055,6.433333333333334,1,Medium
167,2025-06-17,GrowOut-B,Farming,Rohu-Bhakur Polyculture,Monsoon,27.2,Cloudy,0.0,7.1,0.04,6.6,0.0,7944,29.6,183.0,3128,512,323,469562,2775,Medium,No,Tuesday,6,Jun,25,1,0,1,0,0.0,2.5,0.08445945945945946,3640,0.5909762715040825,6.5,1,Medium
168,2025-06-18,GrowOut-B,Farming,Rohu-Bhakur Polyculture,Monsoon,32.0,Rainy,54.1,7.4,0.04,5.9,1.0,7943,26.2,185.7,2731,487,317,467580,3522,Medium,No,Wednesday,6,Jun,25,1,0,1,0,0.12589701624071511,2.6999999999999886,0.10305343511450339,3218,0.7532400872577955,6.366666666666666,1,Medium
169,2025-06-19,GrowOut-B,Farming,Rohu-Bhakur Polyculture,Monsoon,30.3,Rainy,10.9,7.4,0.01,7.0,1.0,7942,25.7,188.2,2664,506,322,481288,3164,Medium,No,Thursday,6,Jun,25,1,0,1,0,0.12591286829513976,2.5,0.09727626459143969,3170,0.6574026362593707,6.5,1,Medium
170,2025-06-20,GrowOut-B,Farming,Rohu-Bhakur Polyculture,Monsoon,31.4,Cloudy,0.0,6.9,0.08,6.2,1.0,7941,29.3,190.6,3138,525,313,473743,2243,Medium,No,Friday,6,Jun,25,1,0,1,0,0.1259287243420224,2.4000000000000057,0.081911262798635,3663,0.47346346014611296,6.366666666666667,1,Medium
171,2025-06-21,GrowOut-B,Farming,Rohu-Bhakur Polyculture,Monsoon,30.2,Rainy,36.6,7.5,0.01,4.949999999999999,4.0,7937,26.8,192.5,2981,528,336,513365,1302,Medium,No,Saturday,6,Jun,25,1,0,1,0,0.5039687539372558,1.9000000000000057,0.0708955223880599,3509,0.2536207182024485,6.05,1,Medium
172,2025-06-22,GrowOut-B,Farming,Rohu-Bhakur Polyculture,Monsoon,31.4,Rainy,4.1,7.0,0.07,6.3,1.0,7936,24.5,194.4,2555,495,329,507568,1847,Medium,No,Sunday,6,Jun,25,1,0,1,0,0.12600806451612903,1.9000000000000057,0.0775510204081635,3050,0.3638921287394004,5.816666666666666,1,Medium
173,2025-06-23,GrowOut-B,Farming,Rohu-Bhakur Polyculture,Monsoon,25.1,Cloudy,0.0,7.4,0.05,7.1,2.0,7934,32.4,197.2,3481,514,320,500667,2989,Medium,No,Monday,6,Jun,26,1,0,1,0,0.25207965717166625,2.799999999999983,0.08641975308641923,3995,0.5970035972013333,6.116666666666666,1,Medium
174,2025-06-24,GrowOut-B,Farming,Rohu-Bhakur Polyculture,Monsoon,29.3,Cloudy,0.0,7.3,0.02,6.5,1.0,7933,25.7,199.3,2682,521,337,532813,2345,Medium,No,Tuesday,6,Jun,26,1,0,1,0,0.12605571662674903,2.1000000000000227,0.08171206225681023,3203,0.4401168890398695,6.633333333333333,1,Medium
175,2025-06-25,GrowOut-B,Farming,Rohu-Bhakur Polyculture,Monsoon,25.5,Rainy,6.0,7.8,0.09,6.5,0.0,7933,30.2,201.5,3170,477,321,513118,1955,Medium,No,Wednesday,6,Jun,26,1,0,1,0,0.0,2.1999999999999886,0.07284768211920492,3647,0.381003979591439,6.699999999999999,1,Medium
176,2025-06-26,GrowOut-B,Farming,Rohu-Bhakur Polyculture,Monsoon,31.1,Rainy,4.1,7.1,0.0,6.9,2.0,7931,32.5,203.8,3527,492,331,535008,1885,Medium,No,Thursday,6,Jun,26,1,0,1,0,0.25217500945656285,2.3000000000000114,0.07076923076923113,4019,0.35233118009450326,6.633333333333334,1,Medium
177,2025-06-27,GrowOut-B,Farming,Rohu-Bhakur Polyculture,Monsoon,28.6,Rainy,12.3,7.1,0.07,6.8,0.0,7931,28.7,206.0,2952,533,320,522812,2098,Medium,No,Friday,6,Jun,26,1,0,1,0,0.0,2.1999999999999886,0.07665505226480797,3485,0.4012914776248441,6.733333333333334,1,Medium
178,2025-06-28,GrowOut-B,Farming,Rohu-Bhakur Polyculture,Monsoon,26.8,Sunny,0.0,7.2,0.07,6.2,0.0,7931,34.2,208.6,3499,495,324,536028,2687,Medium,No,Saturday,6,Jun,26,1,0,1,0,0.0,2.5999999999999943,0.07602339181286533,3994,0.5012797838918862,6.633333333333334,1,Medium
179,2025-06-29,GrowOut-B,Farming,Rohu-Bhakur Polyculture,Monsoon,28.9,Rainy,13.7,7.1,0.02,6.8,0.0,7931,29.3,210.9,3071,456,319,533575,2292,Medium,No,Sunday,6,Jun,26,1,0,1,0,0.0,2.3000000000000114,0.07849829351535875,3527,0.4295553577285292,6.599999999999999,1,Medium
180,2025-06-30,GrowOut-B,Farming,Rohu-Bhakur Polyculture,Monsoon,32.3,Rainy,3.5,7.4,0.08,5.3,2.0,7929,33.4,213.5,3551,498,321,543402,2433,Medium,No,Monday,6,Jun,27,1,0,1,1,0.2522386177323748,2.5999999999999943,0.07784431137724535,4049,0.44773482615080545,6.1000000000000005,2,High
181,2025-07-01,GrowOut-B,Farming,Rohu-Bhakur Polyculture,Monsoon,28.1,Rainy,2.9,6.7,0.03,5.9,1.0,7928,31.5,215.8,3337,517,322,550898,1949,Medium,No,Tuesday,7,Jul,27,1,0,1,0,0.12613521695257315,2.3000000000000114,0.07301587301587338,3854,0.3537860003122175,6.0,1,Medium
182,2025-07-02,GrowOut-B,Farming,Rohu-Bhakur Polyculture,Monsoon,30.5,Rainy,1.4,6.9,0.05,5.9,0.0,7928,28.5,217.9,3013,500,314,542439,1715,Medium,No,Wednesday,7,Jul,27,1,0,1,0,0.0,2.0999999999999943,0.07368421052631559,3513,0.3161645825613571,5.7,1,Medium
183,2025-07-03,GrowOut-B,Farming,Rohu-Bhakur Polyculture,Monsoon,31.5,Sunny,0.0,6.9,0.05,6.5,3.0,7925,39.5,220.9,4150,511,316,553200,2645,Medium,No,Thursday,7,Jul,27,1,0,1,0,0.3785488958990536,3.0,0.0759493670886076,4661,0.4781272595806218,6.1000000000000005,1,Medium
184,2025-07-04,GrowOut-B,Farming,Rohu-Bhakur Polyculture,Monsoon,27.0,Cloudy,0.0,7.5,0.04,7.2,3.0,7922,35.2,223.9,3751,514,318,564048,3082,Medium,No,Friday,7,Jul,27,1,0,1,0,0.3786922494319616,3.0,0.08522727272727272,4265,0.5464073979519474,6.533333333333334,1,Medium
185,2025-07-05,GrowOut-B,Farming,Rohu-Bhakur Polyculture,Monsoon,27.2,Rainy,5.7,7.7,0.06,6.9,1.0,7921,42.5,227.9,4215,495,322,581273,5420,Medium,No,Saturday,7,Jul,27,1,0,1,0,0.12624668602449185,4.0,0.09411764705882353,4710,0.932436221878532,6.866666666666667,1,Medium
186,2025-07-06,GrowOut-B,Farming,Rohu-Bhakur Polyculture,Monsoon,30.8,Rainy,30.0,7.2,0.06,6.4,0.0,7921,36.8,230.8,3809,492,320,585013,3050,Medium,No,Sunday,7,Jul,27,1,0,1,0,0.0,2.9000000000000057,0.07880434782608711,4301,0.5213559356800618,6.833333333333333,1,Medium
187,2025-07-07,GrowOut-B,Farming,Rohu-Bhakur Polyculture,Monsoon,27.4,Sunny,0.0,7.1,0.01,7.1,0.0,7921,39.5,234.6,4140,502,331,615086,5321,Medium,No,Monday,7,Jul,28,1,0,1,0,0.0,3.799999999999983,0.09620253164556919,4642,0.8650822811769411,6.8,1,Medium
188,2025-07-08,GrowOut-B,Farming,Rohu-Bhakur Polyculture,Monsoon,27.9,Sunny,0.0,7.2,0.08,6.1,0.0,7921,39.5,237.5,4203,503,328,617046,2828,Medium,No,Tuesday,7,Jul,28,1,0,1,0,0.0,2.9000000000000057,0.07341772151898748,4706,0.4583126703681735,6.533333333333334,1,Medium
189,2025-07-09,GrowOut-B,Farming,Rohu-Bhakur Polyculture,Monsoon,29.0,Rainy,3.0,7.5,0.11,6.3,5.0,7916,30.8,239.8,3326,501,318,603646,1585,Medium,No,Wednesday,7,Jul,28,1,0,1,0,0.6316321374431532,2.3000000000000114,0.07467532467532505,3827,0.2625711095575884,6.5,1,Medium
190,2025-07-10,GrowOut-B,Farming,Rohu-Bhakur Polyculture,Monsoon,24.2,Cloudy,0.0,6.9,0.07,7.4,1.0,7915,30.8,242.5,3179,501,333,639156,3357,Medium,No,Thursday,7,Jul,28,1,0,1,0,0.12634238787113078,2.6999999999999886,0.08766233766233729,3680,0.5252238890036235,6.6000000000000005,1,Medium
191,2025-07-11,GrowOut-B,Farming,Rohu-Bhakur Polyculture,Monsoon,30.8,Rainy,0.4,7.3,0.07,6.4,5.0,7909,30.9,245.6,3335,489,338,656548,3971,Medium,No,Friday,7,Jul,28,1,0,1,0,0.6321911746112023,3.0999999999999943,0.10032362459546908,3824,0.6048301114313043,6.7,1,Medium
192,2025-07-12,GrowOut-B,Farming,Rohu-Bhakur Polyculture,Monsoon,29.5,Rainy,55.2,7.5,0.01,7.1,0.0,7909,45.2,249.7,4705,511,300,592463,4512,Medium,No,Saturday,7,Jul,28,1,0,1,0,0.0,4.099999999999994,0.09070796460176977,5216,0.761566545083828,6.966666666666666,1,Medium
193,2025-07-13,GrowOut-B,Farming,Rohu-Bhakur Polyculture,Monsoon,29.2,Sunny,0.0,7.4,0.03,6.8,0.0,7909,38.3,253.3,4012,509,329,659102,4846,Medium,No,Sunday,7,Jul,28,1,0,1,0,0.0,3.6000000000000227,0.09399477806788571,4521,0.7352428000521922,6.766666666666667,1,Medium
194,2025-07-14,GrowOut-B,Farming,Rohu-Bhakur Polyculture,Monsoon,25.9,Rainy,79.6,7.3,0.01,7.2,0.0,7909,41.6,256.7,4416,480,313,635465,3521,Medium,No,Monday,7,Jul,29,1,0,1,0,0.0,3.3999999999999773,0.08173076923076868,4896,0.5540824435649485,7.033333333333332,1,Medium
195,2025-07-15,GrowOut-B,Farming,Rohu-Bhakur Polyculture,Monsoon,27.9,Cloudy,0.0,7.5,0.03,7.2,0.0,7909,38.5,260.2,4027,494,328,674998,4559,Medium,No,Tuesday,7,Jul,29,1,0,1,0,0.0,3.5,0.09090909090909091,4521,0.67540940862047,7.066666666666667,1,Medium
196,2025-07-16,GrowOut-B,Farming,Rohu-Bhakur Polyculture,Monsoon,26.8,Rainy,12.5,6.4,0.03,6.8,2.0,7907,47.5,264.4,5093,501,332,694083,5259,Medium,No,Wednesday,7,Jul,29,1,0,1,0,0.2529404325281396,4.199999999999989,0.0884210526315787,5594,0.7576903626799677,7.066666666666666,1,Medium
197,2025-07-17,GrowOut-B,Farming,Rohu-Bhakur Polyculture,Monsoon,30.1,Rainy,18.8,7.4,0.06,5.7,0.0,7907,41.7,268.3,4345,492,312,661892,4784,Medium,No,Thursday,7,Jul,29,1,0,1,0,0.0,3.900000000000034,0.09352517985611591,4837,0.7227765254754552,6.566666666666667,1,Medium
198,2025-07-18,GrowOut-B,Farming,Rohu-Bhakur Polyculture,Monsoon,27.4,Cloudy,0.0,7.0,0.08,6.4,2.0,7905,47.3,272.4,4930,510,302,650303,4186,Medium,No,Friday,7,Jul,29,1,0,1,0,0.25300442757748265,4.099999999999966,0.08668076109936504,5440,0.6436999367986923,6.3,1,Medium
199,2025-07-19,GrowOut-B,Farming,Rohu-Bhakur Polyculture,Monsoon,28.4,Cloudy,0.0,6.7,0.08,6.0,1.0,7904,43.3,276.5,4638,499,328,716830,5403,Medium,No,Saturday,7,Jul,29,1,0,1,0,0.12651821862348178,4.100000000000023,0.09468822170900745,5137,0.7537351952345744,6.033333333333334,1,Medium
200,2025-07-20,GrowOut-B,Farming,Rohu-Bhakur Polyculture,Monsoon,30.3,Rainy,14.8,7.4,0.02,6.0,0.0,7904,52.2,281.3,5401,503,321,713710,6274,Medium,No,Sunday,7,Jul,29,1,0,1,0,0.0,4.800000000000011,0.09195402298850595,5904,0.879068529234563,6.133333333333333,1,Medium
201,2025-07-21,GrowOut-B,Farming,Rohu-Bhakur Polyculture,Monsoon,28.1,Cloudy,0.0,7.6,0.03,6.6,1.0,7903,49.3,285.5,5201,494,304,685917,4310,Medium,No,Monday,7,Jul,30,1,0,1,0,0.12653422750854107,4.199999999999989,0.08519269776876245,5695,0.6283559089510831,6.2,1,Medium
202,2025-07-22,GrowOut-B,Farming,Rohu-Bhakur Polyculture,Monsoon,29.9,Sunny,0.0,7.2,0.01,6.1,2.0,7901,39.8,288.5,4047,470,344,784127,3440,Medium,No,Tuesday,7,Jul,30,1,0,1,0,0.25313251487153526,3.0,0.07537688442211056,4517,0.43870444456063873,6.233333333333333,1,Medium
203,2025-07-23,GrowOut-B,Farming,Rohu-Bhakur Polyculture,Monsoon,30.4,Rainy,15.7,7.5,0.02,6.2,0.0,7901,42.6,291.7,4628,469,326,751339,3145,Medium,No,Wednesday,7,Jul,30,1,0,1,0,0.0,3.1999999999999886,0.0751173708920185,5097,0.4185860177629539,6.3,1,Medium
204,2025-07-24,GrowOut-B,Farming,Rohu-Bhakur Polyculture,Monsoon,28.8,Rainy,3.6,7.7,0.07,5.4,0.0,7901,53.7,295.6,5768,509,326,761385,3768,Medium,No,Thursday,7,Jul,30,1,0,1,0,0.0,3.900000000000034,0.07262569832402298,6277,0.4948876061388129,5.8999999999999995,1,Medium
205,2025-07-25,GrowOut-B,Farming,Rohu-Bhakur Polyculture,Monsoon,27.3,Rainy,37.9,7.6,0.09,6.6,0.0,7901,38.0,298.5,4199,504,333,785363,2927,Medium,No,Friday,7,Jul,30,1,0,1,0,0.0,2.8999999999999773,0.07631578947368362,4703,0.37269390078218606,6.066666666666666,1,Medium
206,2025-07-26,GrowOut-B,Farming,Rohu-Bhakur Polyculture,Monsoon,28.1,Rainy,21.1,7.7,0.0,6.8,1.0,7900,45.5,301.9,4899,507,314,748893,2934,Medium,No,Saturday,7,Jul,30,1,0,1,0,0.12658227848101267,3.3999999999999773,0.07472527472527422,5406,0.3917782647187248,6.266666666666667,1,Medium
207,2025-07-27,GrowOut-B,Farming,Rohu-Bhakur Polyculture,Monsoon,33.0,Rainy,1.3,7.4,0.02,5.5,0.0,7900,50.3,305.6,5168,502,321,774971,3713,Medium,No,Sunday,7,Jul,30,1,0,1,1,0.0,3.7000000000000455,0.07355864811133292,5670,0.4791147023566043,6.3,2,High
208,2025-07-28,GrowOut-B,Farming,Rohu-Bhakur Polyculture,Monsoon,31.8,Rainy,1.1,7.2,0.04,6.4,2.0,7898,48.3,309.6,5136,503,307,750683,3872,Medium,No,Monday,7,Jul,31,1,0,1,0,0.2532286654849329,4.0,0.08281573498964803,5639,0.5157969475797374,6.233333333333334,1,Medium
209,2025-07-29,GrowOut-B,Farming,Rohu-Bhakur Polyculture,Monsoon,29.1,Rainy,4.5,6.7,0.05,6.9,1.0,7897,41.9,312.8,4323,515,314,775637,3000,Medium,No,Tuesday,7,Jul,31,1,0,1,0,0.12663036596175764,3.1999999999999886,0.07637231503579925,4838,0.38677886691841673,6.266666666666667,1,Medium
210,2025-07-30,GrowOut-B,Farming,Rohu-Bhakur Polyculture,Monsoon,27.6,Cloudy,0.0,7.1,0.02,6.0,0.0,7897,47.8,316.8,5170,507,324,810573,4558,Medium,No,Wednesday,7,Jul,31,1,0,1,0,0.0,4.0,0.08368200836820085,5677,0.5623182612793666,6.433333333333334,1,Medium
211,2025-07-31,GrowOut-B,Farming,Rohu-Bhakur Polyculture,Monsoon,28.0,Rainy,14.7,6.9,0.05,6.2,0.0,7897,55.7,321.4,5726,516,304,771581,4801,Medium,No,Thursday,7,Jul,31,1,0,1,0,0.0,4.599999999999966,0.08258527827648053,6242,0.6222289040295186,6.366666666666667,1,Medium
212,2025-08-01,GrowOut-B,Farming,Rohu-Bhakur Polyculture,Monsoon,29.6,Rainy,40.9,7.9,0.03,6.0,2.0,7895,44.7,325.0,4591,503,314,805685,3629,Medium,No,Friday,8,Aug,31,1,0,1,0,0.253324889170361,3.6000000000000227,0.08053691275167836,5094,0.4504241732190621,6.066666666666666,1,Medium
213,2025-08-02,GrowOut-B,Farming,Rohu-Bhakur Polyculture,Monsoon,28.5,Cloudy,0.0,7.1,0.04,6.1,1.0,7894,49.4,329.2,5028,495,311,808197,4687,Medium,No,Saturday,8,Aug,31,1,0,1,0,0.1266784899923993,4.199999999999989,0.08502024291497953,5523,0.5799328629034752,6.1000000000000005,1,Medium
214,2025-08-03,GrowOut-B,Farming,Rohu-Bhakur Polyculture,Monsoon,29.6,Rainy,0.6,7.2,0.06,6.7,0.0,7894,42.2,333.3,4390,503,321,844574,5496,Medium,No,Sunday,8,Aug,31,1,0,1,0,0.0,4.100000000000023,0.09715639810426593,4893,0.6507422676994555,6.266666666666667,1,Medium
215,2025-08-04,GrowOut-B,Farming,Rohu-Bhakur Polyculture,Monsoon,28.9,Sunny,0.0,7.4,0.04,6.4,1.0,7893,48.0,337.0,4974,487,326,867141,3951,Medium,No,Monday,8,Aug,32,1,0,1,0,0.12669453946534906,3.6999999999999886,0.0770833333333331,5461,0.455635242711393,6.400000000000001,1,Medium
216,2025-08-05,GrowOut-B,Farming,Rohu-Bhakur Polyculture,Monsoon,30.8,Rainy,13.8,7.2,0.03,6.1,0.0,7893,42.8,340.8,4386,494,327,879609,4928,Medium,No,Tuesday,8,Aug,32,1,0,1,0,0.0,3.8000000000000114,0.08878504672897224,4880,0.5602489287854036,6.3999999999999995,1,Medium
217,2025-08-06,GrowOut-B,Farming,Rohu-Bhakur Polyculture,Monsoon,28.8,Cloudy,0.0,7.7,0.04,5.5,4.0,7889,62.9,347.0,6855,503,330,903369,8333,Medium,No,Wednesday,8,Aug,32,1,0,1,0,0.5070351121815186,6.199999999999989,0.09856915739268662,7358,0.9224359038222477,6.0,1,Medium
218,2025-08-07,GrowOut-B,Farming,Rohu-Bhakur Polyculture,Monsoon,31.1,Cloudy,0.0,7.0,0.04,6.5,1.0,7888,55.1,351.2,5844,502,333,922498,4571,Medium,No,Thursday,8,Aug,32,1,0,1,0,0.12677484787018256,4.199999999999989,0.0762250453720506,6346,0.4955024292735594,6.033333333333334,1,Medium
219,2025-08-08,GrowOut-B,Farming,Rohu-Bhakur Polyculture,Monsoon,30.0,Rainy,66.8,7.3,0.03,5.7,5.0,7883,65.2,356.2,6900,498,326,915383,4879,Medium,No,Friday,8,Aug,32,1,0,1,0,0.6342762907522517,5.0,0.07668711656441718,7398,0.5330009405898952,5.8999999999999995,1,Medium
220,2025-08-09,GrowOut-B,Farming,Rohu-Bhakur Polyculture,Monsoon,29.2,Cloudy,0.0,7.0,0.03,6.5,1.0,7882,61.1,360.8,6610,479,338,961213,5046,Medium,No,Saturday,8,Aug,32,1,0,1,0,0.1268713524486171,4.600000000000023,0.075286415711948,7089,0.5249616890325037,6.233333333333333,1,Medium
221,2025-08-10,GrowOut-B,Farming,Rohu-Bhakur Polyculture,Monsoon,26.1,Rainy,17.2,6.8,0.09,6.8,0.0,7882,55.7,365.0,5877,510,321,923495,4240,Medium,No,Sunday,8,Aug,32,1,0,1,0,0.0,4.199999999999989,0.07540394973069997,6387,0.459125387793112,6.333333333333333,1,Medium
222,2025-08-11,GrowOut-B,Farming,Rohu-Bhakur Polyculture,Monsoon,31.4,Cloudy,0.0,7.0,0.06,6.7,2.0,7880,46.2,368.3,4782,513,318,922901,2742,Medium,No,Monday,8,Aug,33,1,0,1,0,0.2538071065989848,3.3000000000000114,0.07142857142857167,5295,0.2971066235706755,6.666666666666667,1,Medium
223,2025-08-12,GrowOut-B,Farming,Rohu-Bhakur Polyculture,Monsoon,30.1,Rainy,15.2,7.2,0.03,5.7,4.0,7876,56.7,373.0,5761,525,326,957706,5301,Medium,No,Tuesday,8,Aug,33,1,0,1,0,0.5078720162519045,4.699999999999989,0.08289241622574936,6286,0.5535101586499406,6.400000000000001,1,Medium
224,2025-08-13,GrowOut-B,Farming,Rohu-Bhakur Polyculture,Monsoon,30.0,Rainy,7.6,7.1,0.12,4.949999999999999,5.0,7863,52.9,377.1,5469,507,318,942914,2734,Medium,No,Wednesday,8,Aug,33,1,0,1,0,0.6358896095637797,4.100000000000023,0.07750472589792104,5976,0.28995221197267196,5.783333333333334,1,Medium
225,2025-08-14,GrowOut-B,Farming,Rohu-Bhakur Polyculture,Monsoon,27.3,Rainy,47.3,7.0,0.03,6.8,1.0,7862,49.3,380.8,5325,500,338,1011921,3880,Medium,No,Thursday,8,Aug,33,1,0,1,0,0.1271940981938438,3.6999999999999886,0.07505070993914785,5825,0.38342914120766347,5.816666666666666,1,Medium
226,2025-08-15,GrowOut-B,Farming,Rohu-Bhakur Polyculture,Monsoon,28.3,Cloudy,0.0,6.8,0.08,7.3,0.0,7862,67.7,387.3,6939,485,331,1007879,9491,Medium,No,Friday,8,Aug,33,1,0,1,0,0.0,6.5,0.09601181683899557,7424,0.9416804993456556,6.349999999999999,1,Medium
227,2025-08-16,GrowOut-B,Farming,Rohu-Bhakur Polyculture,Monsoon,28.2,Rainy,21.2,7.2,0.05,7.1,2.0,7860,68.4,392.5,7230,522,327,1008811,5360,Medium,No,Saturday,8,Aug,33,1,0,1,0,0.2544529262086514,5.199999999999989,0.07602339181286533,7752,0.5313185522362465,7.066666666666666,1,Medium
228,2025-08-17,GrowOut-B,Farming,Rohu-Bhakur Polyculture,Monsoon,28.6,Rainy,1.7,6.7,0.04,6.6,2.0,7858,64.9,398.3,6949,504,321,1004679,6925,Medium,No,Sunday,8,Aug,33,1,0,1,0,0.2545176889793841,5.800000000000011,0.08936825885978444,7453,0.6892748828232699,7.0,1,Medium
229,2025-08-18,GrowOut-B,Farming,Rohu-Bhakur Polyculture,Monsoon,26.7,Rainy,32.6,7.4,0.12,6.0,4.0,7854,56.8,403.7,5996,503,316,1001928,6400,Medium,No,Monday,8,Aug,34,1,0,1,0,0.5092946269416857,5.399999999999977,0.09507042253521088,6499,0.6387684544198784,6.566666666666666,1,Medium
230,2025-08-19,GrowOut-B,Farming,Rohu-Bhakur Polyculture,Monsoon,30.0,Rainy,82.8,7.2,0.01,6.9,0.0,7854,58.8,408.0,6221,496,327,1047849,4327,Medium,No,Tuesday,8,Aug,34,1,0,1,0,0.0,4.300000000000011,0.07312925170068046,6717,0.4129411775933365,6.5,1,Medium
231,2025-08-20,GrowOut-B,Farming,Rohu-Bhakur Polyculture,Monsoon,29.0,Rainy,20.1,6.8,0.01,6.1,0.0,7854,53.3,412.0,5666,495,309,999877,3547,Medium,No,Wednesday,8,Aug,34,1,0,1,0,0.0,4.0,0.075046904315197,6161,0.35474363346691645,6.333333333333333,1,Medium
232,2025-08-21,GrowOut-B,Farming,Rohu-Bhakur Polyculture,Monsoon,26.6,Sunny,0.0,7.1,0.0,7.2,1.0,7853,60.8,417.1,6430,510,335,1097288,6339,Medium,No,Thursday,8,Aug,34,1,0,1,0,0.12733987011333248,5.100000000000023,0.08388157894736879,6940,0.577697012999322,6.733333333333333,1,Medium
233,2025-08-22,GrowOut-B,Farming,Rohu-Bhakur Polyculture,Monsoon,28.5,Rainy,15.0,7.0,0.04,6.8,1.0,7852,73.2,422.5,7922,485,318,1054955,4944,Medium,No,Friday,8,Aug,34,1,0,1,0,0.1273560876209883,5.399999999999977,0.07377049180327838,8407,0.46864558203904433,6.7,1,Medium
234,2025-08-23,GrowOut-B,Farming,Rohu-Bhakur Polyculture,Monsoon,30.2,Sunny,0.0,7.3,0.09,6.6,0.0,7852,62.2,427.8,6402,524,323,1084985,6516,Medium,No,Saturday,8,Aug,34,1,0,1,0,0.0,5.300000000000011,0.08520900321543426,6926,0.600561298082462,6.866666666666667,1,Medium
235,2025-08-24,GrowOut-B,Farming,Rohu-Bhakur Polyculture,Monsoon,29.7,Rainy,4.2,7.6,0.11,7.4,5.0,7846,64.8,434.7,6835,521,311,1060714,8682,Medium,No,Sunday,8,Aug,34,1,0,1,0,0.6372673973999491,6.899999999999977,0.10648148148148114,7356,0.8185052709778509,6.933333333333334,1,Medium
236,2025-08-25,GrowOut-B,Farming,Rohu-Bhakur Polyculture,Monsoon,29.5,Rainy,24.8,6.6,0.06,6.5,1.0,7845,62.6,440.1,6345,495,327,1128995,6871,Medium,No,Monday,8,Aug,35,1,0,1,0,0.1274697259400892,5.400000000000034,0.08626198083067146,6840,0.6085943693284736,6.833333333333333,1,Medium
237,2025-08-26,GrowOut-B,Farming,Rohu-Bhakur Polyculture,Monsoon,29.6,Cloudy,0.0,7.2,0.06,6.0,1.0,7844,66.6,445.3,6717,487,316,1103767,5546,Medium,No,Tuesday,8,Aug,35,1,0,1,0,0.12748597654258031,5.199999999999989,0.07807807807807791,7204,0.5024611172466653,6.633333333333333,1,Medium
238,2025-08-27,GrowOut-B,Farming,Rohu-Bhakur Polyculture,Monsoon,31.6,Rainy,8.9,7.2,0.01,6.2,0.0,7844,66.6,451.0,6982,470,326,1153272,7124,Medium,No,Wednesday,8,Aug,35,1,0,1,0,0.0,5.699999999999989,0.08558558558558542,7452,0.6177207111592061,6.233333333333333,1,Medium
239,2025-08-28,GrowOut-B,Farming,Rohu-Bhakur Polyculture,Monsoon,28.8,Rainy,35.2,7.4,0.02,5.7,0.0,7844,68.8,456.3,7299,481,327,1170404,5814,Medium,No,Thursday,8,Aug,35,1,0,1,0,0.0,5.300000000000011,0.0770348837209304,7780,0.4967515490377682,5.966666666666666,1,Medium
240,2025-08-29,GrowOut-B,Farming,Rohu-Bhakur Polyculture,Monsoon,27.0,Rainy,35.0,7.3,0.02,6.5,1.0,7843,82.0,463.2,8877,511,314,1140724,7461,Medium,No,Friday,8,Aug,35,1,0,1,0,0.12750223128904756,6.899999999999977,0.08414634146341436,9388,0.6540582998166077,6.133333333333333,1,Medium
241,2025-08-30,GrowOut-B,Farming,Rohu-Bhakur Polyculture,Monsoon,28.0,Cloudy,0.0,7.0,0.02,6.5,1.0,7842,81.1,470.7,8908,505,309,1140590,8618,Medium,No,Saturday,8,Aug,35,1,0,1,0,0.12751849018107625,7.5,0.09247842170160296,9413,0.7555738696639458,6.233333333333334,1,Medium
242,2025-08-31,GrowOut-B,Farming,Rohu-Bhakur Polyculture,Monsoon,27.9,Cloudy,0.0,7.1,0.03,6.4,1.0,7841,75.0,477.5,8073,507,335,1254266,9124,Medium,No,Sunday,8,Aug,35,1,0,1,0,0.12753475322025254,6.800000000000011,0.09066666666666681,8580,0.7274374016356977,6.466666666666666,1,Medium
243,2025-09-01,GrowOut-B,Farming,Rohu-Bhakur Polyculture,Monsoon,28.2,Rainy,27.6,7.0,0.03,6.7,1.0,7840,72.3,483.1,7697,472,318,1204426,5641,Medium,No,Monday,9,Sep,36,1,0,1,0,0.12755102040816327,5.600000000000023,0.07745504840940558,8169,0.4683558807265868,6.533333333333334,1,Medium
244,2025-09-02,Nursery,Nursery,Rohu,Monsoon,29.4,Rainy,4.5,7.3,0.0,7.0,2.0,49998,2.5,2.0,259,503,488,48798,0,High,No,Tuesday,9,Sep,36,1,0,1,0,0.04000160006400256,0.0,0.0,762,0.0,7.0,1,Medium
245,2025-09-03,Nursery,Nursery,Rohu,Monsoon,30.0,Sunny,0.0,6.9,0.05,5.8,2.0,49996,3.0,2.1,312,489,510,53546,1747,High,No,Wednesday,9,Sep,36,1,0,1,0,0.040003200256020485,0.10000000000000009,0.03333333333333336,801,3.262615321405894,6.4,1,Medium
246,2025-09-04,Nursery,Nursery,Rohu,Monsoon,32.8,Cloudy,0.0,6.9,0.04,6.2,0.0,49996,2.7,2.1,288,484,507,53231,-772,High,No,Thursday,9,Sep,36,1,0,1,1,0.0,0.0,0.0,772,-1.4502827299881649,6.333333333333333,2,High
247,2025-09-05,Nursery,Nursery,Rohu,Monsoon,30.7,Rainy,38.8,7.1,0.14500000000000002,5.6,2.5,49992,3.1,2.2,329,479,495,54441,1662,High,No,Friday,9,Sep,36,1,0,1,0,0.05000800128020483,0.10000000000000009,0.03225806451612906,808,3.0528462004739074,5.866666666666667,1,Medium
248,2025-09-06,Nursery,Nursery,Rohu,Monsoon,26.1,Rainy,11.3,6.8,0.08,6.5,1.0,49991,2.7,2.2,288,492,492,54110,-781,High,No,Saturday,9,Sep,36,1,0,1,0,0.02000360064811666,0.0,0.0,780,-1.4433561264091666,6.099999999999999,1,Medium
249,2025-09-07,Nursery,Nursery,Rohu,Monsoon,26.9,Sunny,0.0,7.0,0.05,6.3,1.0,49990,3.3,2.2,342,485,496,54549,-828,High,No,Sunday,9,Sep,36,1,0,1,0,0.020004000800160033,0.0,0.0,827,-1.517901336413133,6.133333333333333,1,Medium
250,2025-09-08,Nursery,Nursery,Rohu,Monsoon,27.8,Cloudy,0.0,7.5,0.05,6.1,1.0,49989,3.8,2.3,400,474,492,56568,1584,High,No,Monday,9,Sep,37,1,0,1,0,0.020004400968213005,0.09999999999999964,0.02631578947368412,874,2.800169707254985,6.3,1,Medium
251,2025-09-09,Nursery,Nursery,Rohu,Monsoon,25.7,Cloudy,0.0,7.4,0.03,8.0,0.0,49989,3.6,2.3,361,510,496,57027,-871,High,No,Tuesday,9,Sep,37,1,0,1,0,0.0,0.0,0.0,871,-1.5273466954249741,6.8,1,Medium
252,2025-09-10,Nursery,Nursery,Rohu,Monsoon,31.4,Rainy,4.3,6.9,0.07,6.1,2.5,49986,4.0,2.4,423,480,487,58424,1528,High,No,Wednesday,9,Sep,37,1,0,1,0,0.05001400392109791,0.10000000000000009,0.025000000000000022,903,2.615363549226345,6.733333333333332,1,Medium
253,2025-09-11,Nursery,Nursery,Rohu,Monsoon,32.4,Cloudy,0.0,7.5,0.06,5.3,2.0,49984,3.9,2.4,414,515,506,60701,-931,High,No,Thursday,9,Sep,37,1,0,1,1,0.04001280409731114,0.0,0.0,929,-1.5337473847218333,6.466666666666666,2,High
254,2025-09-12,Nursery,Nursery,Rohu,Monsoon,31.8,Rainy,8.6,6.6,0.07,6.0,0.0,49984,3.8,2.5,396,506,505,63105,1622,High,No,Friday,9,Sep,37,1,0,1,0,0.0,0.10000000000000009,0.026315789473684237,902,2.5703193090880276,5.8,1,Medium
255,2025-09-13,Nursery,Nursery,Rohu,Monsoon,32.3,Rainy,8.3,7.9,0.03,6.5,2.5,49981,3.3,2.5,348,504,505,63101,-856,High,No,Saturday,9,Sep,37,1,0,1,1,0.050019007222744646,0.0,0.0,852,-1.3565553636233973,5.933333333333334,2,High
256,2025-09-14,Nursery,Nursery,Rohu,Monsoon,32.9,Rainy,8.5,7.6,0.08,5.7,2.0,49979,4.3,2.6,438,525,499,64843,1528,High,No,Sunday,9,Sep,37,1,0,1,1,0.040016807058964765,0.10000000000000009,0.023255813953488393,963,2.3564609903921783,6.066666666666666,2,High
257,2025-09-15,Nursery,Nursery,Rohu,Monsoon,28.0,Rainy,31.6,7.0,0.1,7.0,0.0,49979,3.7,2.6,383,481,497,64583,-864,High,No,Monday,9,Sep,38,1,0,1,0,0.0,0.0,0.0,864,-1.3378133564560333,6.3999999999999995,1,Medium
258,2025-09-16,Nursery,Nursery,Rohu,Monsoon,27.6,Cloudy,0.0,7.3,0.07,5.7,1.0,49978,3.3,2.7,352,513,522,70439,1742,High,No,Tuesday,9,Sep,38,1,0,1,0,0.02000880387370443,0.10000000000000009,0.03030303030303033,865,2.473061798151592,6.133333333333333,1,Medium
259,2025-09-17,Nursery,Nursery,Rohu,Monsoon,28.1,Rainy,1.9,6.8,0.02,5.7,0.0,49978,4.5,2.7,477,496,501,67605,-973,High,No,Wednesday,9,Sep,38,1,0,1,0,0.0,0.0,0.0,973,-1.4392426595666001,6.133333333333333,1,Medium
260,2025-09-18,Nursery,Nursery,Rohu,Monsoon,29.0,Rainy,55.9,7.2,0.14,6.1,2.5,49969,3.6,2.8,375,539,519,72615,1667,High,No,Thursday,9,Sep,38,1,0,1,0,0.050031019231923796,0.09999999999999964,0.02777777777777768,914,2.2956689389244644,5.833333333333333,1,Medium
261,2025-09-19,Nursery,Nursery,Rohu,Monsoon,29.5,Rainy,4.4,7.1,0.03,6.6,1.0,49968,3.7,2.8,395,494,485,67857,-890,High,No,Friday,9,Sep,38,1,0,1,0,0.020012808197246237,0.0,0.0,889,-1.3115817085930708,6.133333333333333,1,Medium
262,2025-09-20,Nursery,Nursery,Rohu,Monsoon,28.0,Rainy,6.4,6.9,0.02,5.0,0.0,49968,5.0,2.9,526,492,509,73758,1525,High,No,Saturday,9,Sep,38,1,0,1,0,0.0,0.10000000000000009,0.020000000000000018,1018,2.0675723311369616,5.8999999999999995,1,Medium
263,2025-09-21,Nursery,Nursery,Rohu,Monsoon,27.7,Cloudy,0.0,7.1,0.04,6.3,1.0,49967,4.7,3.0,489,506,489,73302,1447,High,No,Sunday,9,Sep,38,1,0,1,0,0.02001320871775372,0.10000000000000009,0.021276595744680868,995,1.9740252653406458,5.966666666666666,1,Medium
264,2025-09-22,Nursery,Nursery,Rohu,Monsoon,30.7,Cloudy,0.0,7.0,0.06,5.6,0.0,49967,3.7,3.0,387,497,492,73751,-884,High,No,Monday,9,Sep,39,1,0,1,0,0.0,0.0,0.0,884,-1.1986278152160648,5.633333333333333,1,Medium
265,2025-09-23,Nursery,Nursery,Rohu,Monsoon,28.8,Sunny,0.0,6.9,0.05,5.7,0.0,49967,4.5,3.1,468,489,494,76519,1511,High,No,Tuesday,9,Sep,39,1,0,1,0,0.0,0.10000000000000009,0.02222222222222224,957,1.9746729570433486,5.866666666666667,1,Medium
266,2025-09-24,Nursery,Nursery,Rohu,Monsoon,26.4,Cloudy,0.0,6.9,0.05,6.3,0.0,49967,4.6,3.1,472,485,493,76365,-957,High,No,Wednesday,9,Sep,39,1,0,1,0,0.0,0.0,0.0,957,-1.2531919072873698,5.866666666666666,1,Medium
267,2025-09-25,Nursery,Nursery,Rohu,Monsoon,30.7,Cloudy,0.0,6.8,0.03,6.5,1.0,49966,4.6,3.2,495,522,493,78826,1445,High,No,Thursday,9,Sep,39,1,0,1,0,0.02001360925429292,0.10000000000000009,0.02173913043478263,1017,1.8331514982366224,6.166666666666667,1,Medium
268,2025-09-26,Nursery,Nursery,Rohu,Monsoon,28.6,Rainy,5.7,7.5,0.04,6.0,1.0,49965,5.3,3.2,550,483,518,82822,-1035,High,No,Friday,9,Sep,39,1,0,1,0,0.020014009806864803,0.0,0.0,1033,-1.2496679626186278,6.266666666666667,1,Medium
269,2025-09-27,Nursery,Nursery,Rohu,Monsoon,32.0,Rainy,38.8,6.9,0.06,5.4,1.0,49964,5.1,3.3,527,503,501,82605,1472,High,No,Saturday,9,Sep,39,1,0,1,0,0.02001441037547034,0.09999999999999964,0.019607843137254832,1030,1.7819744567520126,5.966666666666666,1,Medium
270,2025-09-28,Nursery,Nursery,Rohu,Monsoon,31.5,Cloudy,0.0,6.8,0.02,5.4,1.0,49963,5.0,3.4,510,516,503,85447,1485,High,No,Sunday,9,Sep,39,1,0,1,0,0.02001481096011048,0.10000000000000009,0.020000000000000018,1026,1.7379194120331902,5.6000000000000005,1,Medium
271,2025-09-29,Nursery,Nursery,Rohu,Monsoon,27.6,Cloudy,0.0,7.5,0.04,7.3,0.0,49963,5.7,3.4,568,517,493,83748,-1085,High,No,Monday,9,Sep,40,1,0,1,0,0.0,0.0,0.0,1085,-1.2955533266466064,6.033333333333334,1,Medium
272,2025-09-30,Nursery,Nursery,Rohu,Monsoon,28.7,Rainy,56.3,7.3,0.05,6.7,1.0,49962,6.0,3.5,638,491,513,89707,1432,High,No,Tuesday,9,Sep,40,1,0,1,0,0.020015211560786197,0.10000000000000009,0.01666666666666668,1129,1.5963079804251619,6.466666666666668,1,Medium
273,2025-10-01,Nursery,Nursery,Rohu,Autumn,23.1,Sunny,0.0,7.4,0.06,6.0,1.0,49961,5.4,3.6,576,497,606,108995,1953,High,No,Wednesday,10,Oct,40,0,0,1,0,0.02001561217749845,0.10000000000000009,0.018518518518518535,1073,1.7918253130877564,6.666666666666667,1,Medium
274,2025-10-02,Nursery,Nursery,Rohu,Autumn,25.5,Sunny,0.0,7.5,0.01,6.6,1.0,49960,6.3,3.7,677,494,594,109802,1794,High,No,Thursday,10,Oct,40,0,0,1,0,0.020016012810248198,0.10000000000000009,0.015873015873015886,1171,1.6338500209467952,6.433333333333334,1,Medium
275,2025-10-03,Nursery,Nursery,Rohu,Autumn,25.5,Sunny,0.0,7.8,0.01,7.4,1.0,49959,6.2,3.7,649,477,571,105548,-1128,High,No,Friday,10,Oct,40,0,0,1,0,0.02001641345903641,0.0,0.0,1126,-1.0687080759464889,6.666666666666667,1,Medium
276,2025-10-04,Nursery,Nursery,Rohu,Autumn,25.7,Cloudy,0.0,7.2,0.06,7.5,0.0,49959,5.7,3.8,595,508,604,114666,1915,High,No,Saturday,10,Oct,40,0,0,1,0,0.0,0.09999999999999964,0.017543859649122744,1103,1.6700678492316816,7.166666666666667,1,Medium
277,2025-10-05,Nursery,Nursery,Rohu,Autumn,23.5,Sunny,0.0,6.8,0.14,7.2,2.5,49955,5.6,3.9,582,501,610,118843,1955,High,No,Sunday,10,Oct,40,0,0,1,0,0.050045040536482836,0.10000000000000009,0.017857142857142873,1083,1.645027473220972,7.366666666666667,1,Medium
278,2025-10-06,Nursery,Nursery,Rohu,Autumn,26.6,Sunny,0.0,7.3,0.08,6.4,0.0,49955,6.2,4.0,646,522,582,116295,1739,High,No,Monday,10,Oct,41,0,0,1,0,0.0,0.10000000000000009,0.01612903225806453,1168,1.4953351390859453,7.033333333333334,1,Medium
279,2025-10-07,Nursery,Nursery,Rohu,Autumn,27.7,Sunny,0.0,7.0,0.05,5.6,0.0,49955,7.0,4.1,751,488,595,121865,1733,High,No,Tuesday,10,Oct,41,0,0,1,0,0.0,0.09999999999999964,0.014285714285714235,1239,1.4220654002379682,6.400000000000001,1,Medium
280,2025-10-08,Nursery,Nursery,Rohu,Autumn,24.2,Sunny,0.0,6.9,0.09,7.4,0.0,49955,6.1,4.1,640,516,610,124937,-1156,High,No,Wednesday,10,Oct,41,0,0,1,0,0.0,0.0,0.0,1156,-0.9252663342324531,6.466666666666666,1,Medium
281,2025-10-09,Nursery,Nursery,Rohu,Autumn,24.7,Sunny,0.0,7.2,0.01,7.1,0.0,49955,6.7,4.2,709,517,572,120012,1631,High,No,Thursday,10,Oct,41,0,0,1,0,0.0,0.10000000000000053,0.014925373134328438,1226,1.3590307635903076,6.7,1,Medium
282,2025-10-10,Nursery,Nursery,Rohu,Autumn,23.2,Cloudy,0.0,7.5,0.03,7.4,1.0,49954,6.3,4.3,656,501,588,126304,1778,High,No,Friday,10,Oct,41,0,0,1,0,0.0200184169435881,0.09999999999999964,0.015873015873015817,1157,1.407714720040537,7.3,1,Medium
283,2025-10-11,Nursery,Nursery,Rohu,Autumn,25.4,Sunny,0.0,6.9,0.03,7.0,0.0,49954,6.2,4.4,667,467,607,133417,1898,High,No,Saturday,10,Oct,41,0,0,1,0,0.0,0.10000000000000053,0.016129032258064602,1134,1.4226073139105213,7.166666666666667,1,Medium
284,2025-10-12,Nursery,Nursery,Rohu,Autumn,23.5,Sunny,0.0,7.6,0.02,6.7,1.0,49953,6.4,4.5,648,492,620,139369,1954,High,No,Sunday,10,Oct,41,0,0,1,0,0.02001881768862731,0.09999999999999964,0.015624999999999944,1140,1.4020334507673873,7.033333333333334,1,Medium
285,2025-10-13,Nursery,Nursery,Rohu,Autumn,28.3,Cloudy,0.0,6.9,0.03,6.8,0.0,49953,6.5,4.6,667,527,639,146832,1998,High,No,Monday,10,Oct,42,0,0,1,0,0.0,0.09999999999999964,0.01538461538461533,1194,1.3607388035305656,6.833333333333333,1,Medium
286,2025-10-14,Nursery,Nursery,Rohu,Autumn,24.6,Sunny,0.0,7.1,0.02,7.3,0.0,49953,7.1,4.7,751,504,635,149085,1917,High,No,Tuesday,10,Oct,42,0,0,1,0,0.0,0.10000000000000053,0.014084507042253596,1255,1.2858436462420768,6.933333333333334,1,Medium
287,2025-10-15,Nursery,Nursery,Rohu,Autumn,24.4,Sunny,0.0,7.3,0.03,7.0,1.0,49952,7.6,4.8,825,510,603,144581,1674,High,No,Wednesday,10,Oct,42,0,0,1,0,0.02001921844971172,0.09999999999999964,0.01315789473684206,1335,1.157828483687345,7.033333333333334,1,Medium
288,2025-10-16,Nursery,Nursery,Rohu,Autumn,24.6,Sunny,0.0,7.1,0.02,7.4,1.0,49951,6.0,4.9,627,499,591,144653,1823,High,No,Thursday,10,Oct,42,0,0,1,0,0.020019619226842308,0.10000000000000053,0.016666666666666757,1126,1.2602573054136452,7.233333333333333,1,Medium
289,2025-10-17,Nursery,Nursery,Rohu,Autumn,23.7,Sunny,0.0,6.7,0.03,6.6,1.0,49950,7.4,5.0,765,497,617,154096,1817,High,No,Friday,10,Oct,42,0,0,1,0,0.02002002002002002,0.09999999999999964,0.013513513513513466,1262,1.179135084622573,7.0,1,Medium
290,2025-10-18,Nursery,Nursery,Rohu,Autumn,25.6,Sunny,0.0,7.5,0.07,6.7,2.0,49948,7.6,5.1,813,472,590,150294,1656,High,No,Saturday,10,Oct,42,0,0,1,0,0.040041643309041405,0.09999999999999964,0.01315789473684206,1285,1.101840392830053,6.8999999999999995,1,Medium
291,2025-10-19,Nursery,Nursery,Rohu,Autumn,24.6,Sunny,0.0,7.0,0.04,7.1,0.0,49948,8.7,5.2,919,512,586,152202,1496,High,No,Sunday,10,Oct,42,0,0,1,0,0.0,0.10000000000000053,0.01149425287356328,1431,0.9829042982352401,6.8,1,Medium
292,2025-10-20,Nursery,Nursery,Rohu,Autumn,27.0,Sunny,0.0,7.4,0.09,5.6,0.0,49948,7.0,5.3,753,516,595,157511,1703,High,No,Monday,10,Oct,43,0,0,1,0,0.0,0.09999999999999964,0.014285714285714235,1269,1.0811943292849389,6.466666666666666,1,Medium
293,2025-10-21,Nursery,Nursery,Rohu,Autumn,25.6,Cloudy,0.0,6.8,0.06,6.8,0.0,49948,7.5,5.4,768,486,592,159674,1703,High,No,Tuesday,10,Oct,43,0,0,1,0,0.0,0.10000000000000053,0.013333333333333404,1254,1.0665480917369141,6.5,1,Medium
294,2025-10-22,Nursery,Nursery,Rohu,Autumn,26.4,Sunny,0.0,6.9,0.08,7.0,0.0,49948,8.4,5.5,902,497,607,166751,1633,High,No,Wednesday,10,Oct,43,0,0,1,0,0.0,0.09999999999999964,0.011904761904761862,1399,0.9793044719371998,6.466666666666666,1,Medium
295,2025-10-23,Nursery,Nursery,Rohu,Autumn,26.6,Sunny,0.0,7.5,0.02,6.8,0.0,49948,9.0,5.7,917,495,589,167690,4472,High,No,Thursday,10,Oct,43,0,0,1,0,0.0,0.20000000000000018,0.02222222222222224,1412,2.666825690261793,6.866666666666667,1,Medium
296,2025-10-24,Nursery,Nursery,Rohu,Autumn,27.7,Sunny,0.0,7.3,0.14,6.1,2.5,49941,8.3,5.8,867,506,602,174374,1609,High,No,Friday,10,Oct,43,0,0,1,0,0.05005906970224865,0.09999999999999964,0.012048192771084293,1373,0.9227293059745145,6.633333333333333,1,Medium
297,2025-10-25,Nursery,Nursery,Rohu,Autumn,24.3,Sunny,0.0,7.1,0.05,7.4,1.0,49940,7.2,5.9,762,492,629,185332,1884,High,No,Saturday,10,Oct,43,0,0,1,0,0.020024028834601523,0.10000000000000053,0.013888888888888963,1254,1.0165540759286038,6.766666666666666,1,Medium
298,2025-10-26,Nursery,Nursery,Rohu,Autumn,23.9,Sunny,0.0,7.3,0.01,7.2,1.0,49939,9.6,6.0,1012,514,602,180380,1477,High,No,Sunday,10,Oct,43,0,0,1,0,0.02002442980436132,0.09999999999999964,0.01041666666666663,1526,0.8188269209446724,6.8999999999999995,1,Medium
299,2025-10-27,Nursery,Nursery,Rohu,Autumn,24.2,Sunny,0.0,6.9,0.05,7.0,1.0,49938,9.4,6.2,1007,501,627,194129,4750,High,No,Monday,10,Oct,44,0,0,1,0,0.02002483079017982,0.20000000000000018,0.021276595744680868,1508,2.446826594687038,7.2,1,Medium
300,2025-10-28,Nursery,Nursery,Rohu,Autumn,22.0,Rainy,2.6,7.2,0.03,7.0,2.5,49935,10.7,6.3,1084,462,622,195675,1548,High,No,Tuesday,10,Oct,44,0,0,1,0,0.05006508460999299,0.09999999999999964,0.009345794392523333,1546,0.7911077041011882,7.066666666666666,1,Medium
301,2025-10-29,Nursery,Nursery,Rohu,Autumn,25.3,Sunny,0.0,7.2,0.08,6.8,0.0,49935,7.6,6.4,800,507,611,195266,1744,High,No,Wednesday,10,Oct,44,0,0,1,0,0.0,0.10000000000000053,0.013157894736842176,1307,0.8931406389233149,6.933333333333334,1,Medium
302,2025-10-30,Nursery,Nursery,Rohu,Autumn,26.3,Sunny,0.0,7.1,0.06,6.6,0.0,49935,9.9,6.6,1063,515,594,195765,4354,High,No,Thursday,10,Oct,44,0,0,1,0,0.0,0.1999999999999993,0.02020202020202013,1578,2.224095216203101,6.8,1,Medium
303,2025-10-31,Nursery,Nursery,Rohu,Autumn,25.6,Sunny,0.0,6.9,0.14500000000000002,6.5,2.5,49928,8.1,6.7,851,483,619,207066,1728,High,No,Friday,10,Oct,44,0,0,1,0,0.050072103829514505,0.10000000000000053,0.012345679012345746,1334,0.8345165309611429,6.633333333333333,1,Medium
304,2025-11-01,Nursery,Nursery,Rohu,Autumn,25.3,Sunny,0.0,7.2,0.02,7.4,1.0,49927,10.0,6.8,1027,506,596,202344,1439,High,No,Saturday,11,Nov,44,0,0,1,0,0.020029242694333725,0.09999999999999964,0.009999999999999964,1533,0.7111651445063851,6.833333333333333,1,Medium
305,2025-11-02,Nursery,Nursery,Rohu,Autumn,25.4,Sunny,0.0,7.2,0.07,7.2,0.0,49927,11.7,7.0,1252,527,600,209693,4212,High,No,Sunday,11,Nov,44,0,0,1,0,0.0,0.20000000000000018,0.01709401709401711,1779,2.008650741798725,7.033333333333334,1,Medium
306,2025-11-03,Nursery,Nursery,Rohu,Autumn,22.6,Cloudy,0.0,7.1,0.08,7.0,0.0,49927,10.4,7.1,1079,502,606,214816,1445,High,No,Monday,11,Nov,45,0,0,1,0,0.0,0.09999999999999964,0.009615384615384581,1581,0.6726687025175033,7.2,1,Medium
307,2025-11-04,Nursery,Nursery,Rohu,Autumn,25.4,Sunny,0.0,6.9,0.04,5.9,0.0,49927,9.7,7.3,1003,517,600,218680,4471,High,No,Tuesday,11,Nov,45,0,0,1,0,0.0,0.20000000000000018,0.020618556701030948,1520,2.0445399670751785,6.7,1,Medium
308,2025-11-05,Nursery,Nursery,Rohu,Autumn,25.3,Sunny,0.0,7.2,0.02,7.5,2.0,49925,12.3,7.5,1268,493,587,219795,4092,High,No,Wednesday,11,Nov,45,0,0,1,0,0.0400600901352028,0.20000000000000018,0.01626016260162603,1761,1.861734798334812,6.800000000000001,1,Medium
309,2025-11-06,Nursery,Nursery,Rohu,Autumn,26.7,Sunny,0.0,7.1,0.02,7.1,2.5,49922,13.0,7.6,1360,500,573,217400,988,High,No,Thursday,11,Nov,45,0,0,1,0,0.050078121870117384,0.09999999999999964,0.007692307692307665,1860,0.45446182152713893,6.833333333333333,1,Medium
310,2025-11-07,Nursery,Nursery,Rohu,Autumn,28.0,Sunny,0.0,6.9,0.08,6.1,1.0,49921,10.5,7.8,1106,497,617,240250,4553,High,No,Friday,11,Nov,45,0,0,1,0,0.020031650007011077,0.20000000000000018,0.019047619047619063,1603,1.8951092611862643,6.8999999999999995,1,Medium
311,2025-11-08,Nursery,Nursery,Rohu,Autumn,25.9,Sunny,0.0,7.2,0.12,6.8,2.5,49917,10.8,7.9,1107,494,610,240550,1425,High,No,Saturday,11,Nov,45,0,0,1,0,0.0500831380090951,0.10000000000000053,0.009259259259259307,1601,0.5923924340054043,6.666666666666667,1,Medium
312,2025-11-09,Nursery,Nursery,Rohu,Autumn,23.9,Sunny,0.0,7.7,0.01,6.6,1.0,49916,13.2,8.1,1358,498,569,230058,3820,High,No,Sunday,11,Nov,45,0,0,1,0,0.020033656542992228,0.1999999999999993,0.015151515151515098,1856,1.6604508428309381,6.5,1,Medium
313,2025-11-10,Nursery,Nursery,Rohu,Autumn,25.5,Sunny,0.0,7.1,0.01,7.6,0.0,49916,14.4,8.2,1492,476,587,240266,962,High,No,Monday,11,Nov,46,0,0,1,0,0.0,0.09999999999999964,0.00694444444444442,1968,0.4003895682285467,7.0,1,Medium
314,2025-11-11,Nursery,Nursery,Rohu,Autumn,24.6,Sunny,0.0,7.6,0.07,6.8,0.0,49916,12.8,8.4,1320,495,603,252835,4205,High,No,Tuesday,11,Nov,46,0,0,1,0,0.0,0.20000000000000107,0.015625000000000083,1815,1.6631399924852175,7.0,1,Medium
315,2025-11-12,Nursery,Nursery,Rohu,Autumn,25.8,Sunny,0.0,7.8,0.02,6.6,0.0,49916,12.8,8.6,1345,520,608,261001,4205,High,No,Wednesday,11,Nov,46,0,0,1,0,0.0,0.1999999999999993,0.015624999999999944,1865,1.6111049382952558,7.0,1,Medium
316,2025-11-13,Nursery,Nursery,Rohu,Autumn,21.9,Cloudy,0.0,6.9,0.07,7.1,1.0,49915,14.2,8.8,1501,486,573,251691,3728,High,No,Thursday,11,Nov,46,0,0,1,0,0.020034057898427327,0.20000000000000107,0.014084507042253596,1987,1.4811812897560899,6.833333333333333,1,Medium
317,2025-11-14,Nursery,Nursery,Rohu,Autumn,27.2,Cloudy,0.0,7.2,0.05,6.6,0.0,49915,10.7,9.0,1128,484,598,268643,4358,High,No,Friday,11,Nov,46,0,0,1,0,0.0,0.1999999999999993,0.018691588785046665,1612,1.6222272681588576,6.766666666666666,1,Medium
318,2025-11-15,Nursery,Nursery,Rohu,Autumn,23.6,Sunny,0.0,7.8,0.04,7.3,1.0,49914,12.8,9.1,1350,501,610,277073,1188,High,No,Saturday,11,Nov,46,0,0,1,0,0.020034459269944304,0.09999999999999964,0.007812499999999972,1851,0.4287678698393564,7.0,1,Medium
319,2025-11-16,Nursery,Nursery,Rohu,Autumn,23.5,Sunny,0.0,7.2,0.05,7.2,1.0,49913,13.5,9.3,1463,502,594,275729,3959,High,No,Sunday,11,Nov,46,0,0,1,0,0.020034860657544125,0.20000000000000107,0.014814814814814893,1965,1.4358301085486112,7.033333333333332,1,Medium
320,2025-11-17,Nursery,Nursery,Rohu,Autumn,25.2,Sunny,0.0,7.2,0.05,6.8,1.0,49912,13.8,9.5,1461,506,605,286869,4067,High,No,Monday,11,Nov,47,0,0,1,0,0.02003526206122776,0.1999999999999993,0.014492753623188354,1967,1.4177202834743385,7.1000000000000005,1,Medium
321,2025-11-18,Nursery,Nursery,Rohu,Autumn,24.6,Sunny,0.0,6.7,0.03,7.3,2.5,49909,12.6,9.7,1343,498,591,286113,4041,High,No,Tuesday,11,Nov,47,0,0,1,0,0.050091165921978,0.1999999999999993,0.015873015873015817,1841,1.4123790250705142,7.1000000000000005,1,Medium
322,2025-11-19,Nursery,Nursery,Rohu,Autumn,25.8,Sunny,0.0,7.0,0.01,7.1,1.0,49908,15.1,9.9,1573,501,616,304359,4069,High,No,Wednesday,11,Nov,47,0,0,1,0,0.020036867836819745,0.20000000000000107,0.013245033112582853,2074,1.3369080592326825,7.066666666666666,1,Medium
323,2025-11-20,Nursery,Nursery,Rohu,Autumn,25.3,Sunny,0.0,7.4,0.05,6.6,1.0,49907,12.0,10.1,1283,495,586,295380,4065,High,No,Thursday,11,Nov,47,0,0,1,0,0.020037269320936944,0.1999999999999993,0.016666666666666607,1778,1.3761933780215316,7.0,1,Medium
324,2025-11-21,Nursery,Nursery,Rohu,Autumn,26.8,Rainy,1.8,7.9,0.09,6.1,0.0,49907,12.7,10.2,1322,481,579,294741,1087,High,No,Friday,11,Nov,47,0,0,1,0,0.0,0.09999999999999964,0.007874015748031468,1803,0.36879836873729815,6.599999999999999,1,Medium
325,2025-11-22,Nursery,Nursery,Rohu,Autumn,24.7,Sunny,0.0,7.1,0.01,7.5,0.0,49907,14.7,10.4,1556,499,601,311939,3944,High,No,Saturday,11,Nov,47,0,0,1,0,0.0,0.20000000000000107,0.01360544217687082,2055,1.2643497606903915,6.733333333333333,1,Medium
326,2025-11-23,Nursery,Nursery,Rohu,Autumn,29.7,Sunny,0.0,6.7,0.01,6.8,0.0,49907,17.5,10.7,1790,511,574,306519,6293,High,No,Sunday,11,Nov,47,0,0,1,0,0.0,0.29999999999999893,0.01714285714285708,2301,2.053053807431187,6.8,1,Medium
327,2025-11-24,Nursery,Nursery,Rohu,Autumn,28.9,Sunny,0.0,6.8,0.05,6.4,0.0,49907,18.9,10.9,1991,508,562,305720,3111,High,No,Monday,11,Nov,48,0,0,1,0,0.0,0.20000000000000107,0.010582010582010639,2499,1.0175978019102447,6.900000000000001,1,Medium
328,2025-11-25,Nursery,Nursery,Rohu,Autumn,25.9,Sunny,0.0,7.2,0.04,7.4,2.0,49905,17.1,11.1,1762,474,620,343446,3939,High,No,Tuesday,11,Nov,48,0,0,1,0,0.040076144674882276,0.1999999999999993,0.011695906432748496,2236,1.1469051903355987,6.866666666666667,1,Medium
329,2025-11-26,Nursery,Nursery,Rohu,Autumn,21.5,Cloudy,0.0,7.6,0.05,6.5,1.0,49904,17.8,11.4,1902,504,582,331103,6301,High,No,Wednesday,11,Nov,48,0,0,1,0,0.020038473869830074,0.3000000000000007,0.0168539325842697,2406,1.903033195108471,6.766666666666667,1,Medium
330,2025-11-27,Nursery,Nursery,Rohu,Autumn,24.1,Sunny,0.0,7.4,0.02,7.0,0.0,49904,16.5,11.6,1761,487,576,333439,3501,High,No,Thursday,11,Nov,48,0,0,1,0,0.0,0.1999999999999993,0.012121212121212078,2248,1.04996716041015,6.966666666666666,1,Medium
331,2025-11-28,Nursery,Nursery,Rohu,Autumn,23.9,Sunny,0.0,7.3,0.07,6.5,0.0,49904,14.1,11.8,1467,521,585,344487,3851,High,No,Friday,11,Nov,48,0,0,1,0,0.0,0.20000000000000107,0.014184397163120643,1988,1.1178941440460743,6.666666666666667,1,Medium
332,2025-11-29,Nursery,Nursery,Rohu,Autumn,24.4,Rainy,0.9,7.6,0.04,8.3,0.0,49904,16.6,12.1,1811,505,585,353245,6442,High,No,Saturday,11,Nov,48,0,0,1,0,0.0,0.29999999999999893,0.01807228915662644,2316,1.8236634630355704,7.266666666666667,1,Medium
333,2025-11-30,Nursery,Nursery,Rohu,Autumn,23.7,Sunny,0.0,7.0,0.06,7.5,1.0,49903,15.5,12.3,1619,513,597,366443,3819,High,No,Sunday,11,Nov,48,0,0,1,0,0.020038875418311525,0.20000000000000107,0.012903225806451682,2132,1.0421811850683462,7.433333333333334,1,Medium
334,2025-12-01,Nursery,Nursery,Rohu,Winter,11.5,Sunny,0.0,7.2,0.05,9.0,0.0,49903,10.5,12.4,1069,500,484,299498,846,High,No,Monday,12,Dec,49,0,0,1,0,0.0,0.09999999999999964,0.00952380952380949,1569,0.28247267093603295,8.266666666666667,1,Medium
335,2025-12-02,Nursery,Nursery,Rohu,Winter,14.7,Sunny,0.0,7.0,0.05,8.9,2.5,49900,9.2,12.5,952,499,507,316241,1060,High,No,Tuesday,12,Dec,49,0,0,1,0,0.050100200400801605,0.09999999999999964,0.010869565217391266,1451,0.335187404542738,8.466666666666667,1,Medium
336,2025-12-03,Nursery,Nursery,Rohu,Winter,15.5,Sunny,0.0,7.1,0.06,8.9,1.0,49899,10.7,12.6,1101,522,510,320651,915,High,No,Wednesday,12,Dec,49,0,0,1,0,0.02004048177318183,0.09999999999999964,0.009345794392523333,1623,0.2853569769001188,8.933333333333334,1,Medium
337,2025-12-04,Nursery,Nursery,Rohu,Winter,14.8,Cloudy,0.0,6.9,0.05,9.0,1.0,49898,8.7,12.7,920,515,481,304812,959,High,No,Thursday,12,Dec,49,0,0,1,0,0.02004088340214037,0.09999999999999964,0.011494252873563178,1435,0.3146201593113132,8.933333333333334,1,Medium
338,2025-12-05,Nursery,Nursery,Rohu,Winter,13.7,Cloudy,0.0,7.1,0.0,9.0,2.0,49896,9.6,12.9,984,502,491,316036,3401,High,No,Friday,12,Dec,49,0,0,1,0,0.04008337341670675,0.20000000000000107,0.020833333333333447,1486,1.0761432241896491,8.966666666666667,1,Medium
339,2025-12-06,Nursery,Nursery,Rohu,Winter,11.8,Sunny,0.0,7.2,0.07,8.7,2.0,49894,8.4,13.0,873,497,492,319122,1072,High,No,Saturday,12,Dec,49,0,0,1,0,0.040084980157934824,0.09999999999999964,0.011904761904761862,1370,0.33592168512355775,8.9,1,Medium
340,2025-12-07,Nursery,Nursery,Rohu,Winter,15.2,Cloudy,0.0,7.1,0.06,8.2,1.0,49893,11.1,13.1,1172,474,498,325492,832,High,No,Sunday,12,Dec,49,0,0,1,0,0.020042891788427237,0.09999999999999964,0.009009009009008978,1646,0.25561304118073563,8.633333333333333,1,Medium
341,2025-12-08,Nursery,Nursery,Rohu,Winter,15.5,Sunny,0.0,7.2,0.02,8.1,1.0,49892,9.2,13.3,969,505,516,342399,3668,High,No,Monday,12,Dec,50,0,0,1,0,0.02004329351399022,0.20000000000000107,0.021739130434782726,1474,1.0712648109369478,8.333333333333334,1,Medium
342,2025-12-09,Nursery,Nursery,Rohu,Winter,12.9,Sunny,0.0,7.3,0.02,9.0,2.5,49889,10.2,13.4,1071,498,517,345621,990,High,No,Tuesday,12,Dec,50,0,0,1,0,0.05011124696826956,0.09999999999999964,0.009803921568627416,1569,0.28644092806860694,8.433333333333332,1,Medium
343,2025-12-10,Nursery,Nursery,Rohu,Winter,15.2,Sunny,0.0,7.6,0.07,8.3,0.0,49889,8.9,13.5,937,508,537,361670,1234,High,No,Wednesday,12,Dec,50,0,0,1,0,0.0,0.09999999999999964,0.011235955056179735,1445,0.3411950120275389,8.466666666666667,1,Medium
344,2025-12-11,Nursery,Nursery,Rohu,Winter,15.7,Cloudy,0.0,7.6,0.01,8.4,1.0,49888,8.4,13.6,876,513,466,316170,929,High,No,Thursday,12,Dec,50,0,0,1,0,0.020044900577293134,0.09999999999999964,0.011904761904761862,1389,0.29382926906411105,8.566666666666666,1,Medium
345,2025-12-12,Nursery,Nursery,Rohu,Winter,16.4,Sunny,0.0,7.4,0.07,8.0,1.0,49887,10.9,13.8,1110,518,486,334582,3214,High,No,Friday,12,Dec,50,0,0,1,0,0.020045302383386452,0.20000000000000107,0.018348623853211107,1628,0.9606015864571317,8.233333333333334,1,Medium
346,2025-12-13,Nursery,Nursery,Rohu,Winter,17.1,Sunny,0.0,6.8,0.04,9.0,0.0,49887,11.7,13.9,1219,505,527,365437,905,High,No,Saturday,12,Dec,50,0,0,1,0,0.0,0.09999999999999964,0.008547008547008517,1724,0.2476487055224293,8.466666666666667,1,Medium
347,2025-12-14,Nursery,Nursery,Rohu,Winter,17.7,Sunny,0.0,7.1,0.08,8.4,1.0,49886,11.6,14.1,1229,484,473,332705,3000,High,No,Sunday,12,Dec,50,0,0,1,0,0.02004570420558874,0.1999999999999993,0.01724137931034477,1713,0.9016997039419306,8.466666666666667,1,Medium
348,2025-12-15,Nursery,Nursery,Rohu,Winter,14.6,Cloudy,0.0,7.1,0.04,9.0,0.0,49886,9.1,14.3,953,468,527,375946,3837,High,No,Monday,12,Dec,51,0,0,1,0,0.0,0.20000000000000107,0.021978021978022098,1421,1.02062530257005,8.799999999999999,1,Medium
349,2025-12-16,Nursery,Nursery,Rohu,Winter,14.7,Cloudy,0.0,7.0,0.02,9.0,0.0,49886,10.7,14.4,1132,488,502,360616,884,High,No,Tuesday,12,Dec,51,0,0,1,0,0.0,0.09999999999999964,0.009345794392523333,1620,0.24513610045034054,8.799999999999999,1,Medium
350,2025-12-17,Nursery,Nursery,Rohu,Winter,13.9,Sunny,0.0,7.3,0.05,8.7,0.0,49886,12.2,14.5,1267,520,503,363844,722,High,No,Wednesday,12,Dec,51,0,0,1,0,0.0,0.09999999999999964,0.00819672131147538,1787,0.19843669264849773,8.9,1,Medium
351,2025-12-18,Nursery,Nursery,Rohu,Winter,15.7,Sunny,0.0,6.7,0.14500000000000002,7.8,2.5,49880,12.7,14.7,1359,527,481,352687,2871,High,No,Thursday,12,Dec,51,0,0,1,0,0.05012028869286287,0.1999999999999993,0.015748031496062936,1886,0.8140362417667791,8.5,1,Medium
352,2025-12-19,Nursery,Nursery,Rohu,Winter,19.0,Rainy,0.4,7.7,0.02,7.5,0.0,49880,10.1,14.8,1009,496,493,363944,954,High,No,Friday,12,Dec,51,0,0,1,0,0.0,0.10000000000000142,0.009900990099010042,1505,0.2621282395093751,8.0,1,Medium
353,2025-12-20,Nursery,Nursery,Rohu,Winter,15.5,Sunny,0.0,7.6,0.11,7.5,2.5,49875,12.0,15.0,1263,478,526,393514,3467,High,No,Saturday,12,Dec,51,0,0,1,0,0.050125313283208024,0.1999999999999993,0.016666666666666607,1741,0.8810359987192323,7.6000000000000005,1,Medium
354,2025-12-21,Nursery,Nursery,Rohu,Winter,12.5,Sunny,0.0,7.3,0.01,9.0,1.0,49874,9.4,15.2,1012,490,499,378284,3468,High,No,Sunday,12,Dec,51,0,0,1,0,0.02005052732886875,0.1999999999999993,0.021276595744680774,1502,0.9167715261549523,8.0,1,Medium
355,2025-12-22,Nursery,Nursery,Rohu,Winter,14.8,Sunny,0.0,7.2,0.03,8.2,2.0,49872,12.8,15.4,1382,517,493,378638,3003,High,No,Monday,12,Dec,52,0,0,1,0,0.04010266281681103,0.20000000000000107,0.015625000000000083,1899,0.7931058161093182,8.233333333333333,1,Medium
356,2025-12-23,Nursery,Nursery,Rohu,Winter,15.6,Sunny,0.0,7.6,0.09,8.3,2.5,49868,12.8,15.5,1338,491,506,391115,663,High,No,Tuesday,12,Dec,52,0,0,1,0,0.050132349402422394,0.09999999999999964,0.007812499999999972,1829,0.16951535993250066,8.5,1,Medium
357,2025-12-24,Nursery,Nursery,Rohu,Winter,17.9,Rainy,3.0,7.4,0.02,8.8,2.0,49866,11.5,15.7,1177,509,497,389099,3255,High,No,Wednesday,12,Dec,52,0,0,1,0,0.0401074880680223,0.1999999999999993,0.017391304347826025,1686,0.8365480250527502,8.433333333333334,1,Medium
358,2025-12-25,Nursery,Nursery,Rohu,Winter,16.4,Sunny,0.0,7.5,0.03,8.1,0.0,49866,10.2,15.8,1099,503,505,397881,916,High,No,Thursday,12,Dec,52,0,0,1,0,0.0,0.10000000000000142,0.009803921568627591,1602,0.23021958826885425,8.4,1,Medium
359,2025-12-26,Nursery,Nursery,Rohu,Winter,13.9,Cloudy,0.0,7.2,0.03,9.0,2.0,49864,12.8,16.0,1343,511,487,388540,2987,High,No,Friday,12,Dec,52,0,0,1,0,0.040109096743141344,0.1999999999999993,0.015624999999999944,1854,0.7687754156586194,8.633333333333333,1,Medium
360,2025-12-27,Nursery,Nursery,Rohu,Winter,17.9,Sunny,0.0,7.7,0.02,7.7,0.0,49864,12.3,16.2,1288,527,499,403091,3161,High,No,Saturday,12,Dec,52,0,0,1,0,0.0,0.1999999999999993,0.01626016260162596,1815,0.7841901704577875,8.266666666666667,1,Medium
361,2025-12-28,Nursery,Nursery,Rohu,Winter,18.2,Cloudy,0.0,7.6,0.02,8.7,0.0,49864,10.3,16.3,1063,509,490,398264,871,High,No,Sunday,12,Dec,52,0,0,1,0,0.0,0.10000000000000142,0.009708737864077808,1572,0.21869915432979128,8.466666666666667,1,Medium
362,2025-12-29,Nursery,Nursery,Rohu,Winter,14.8,Sunny,0.0,7.4,0.01,8.9,2.0,49862,10.6,16.4,1087,502,473,386790,754,High,No,Monday,12,Dec,1,0,0,1,0,0.040110705547310575,0.09999999999999787,0.009433962264150742,1589,0.1949378215569172,8.433333333333332,1,Medium
363,2025-12-30,Nursery,Nursery,Rohu,Winter,15.6,Cloudy,0.0,7.6,0.04,9.0,1.0,49861,12.2,16.6,1295,529,507,419640,3224,High,No,Tuesday,12,Dec,1,0,0,1,0,0.020055754998896936,0.20000000000000284,0.016393442622951053,1824,0.7682775712515489,8.866666666666667,1,Medium
364,2025-12-31,Nursery,Nursery,Rohu,Winter,15.8,Sunny,0.0,7.1,0.03,7.9,0.0,49861,11.2,16.8,1191,505,481,402917,3101,High,No,Wednesday,12,Dec,1,0,0,1,0,0.0,0.1999999999999993,0.017857142857142794,1696,0.7696374191210597,8.6,1,Medium
